X_min,X_max,X_mean,X_std,Y_min,Y_max,Y_mean,Y_std,Z_min,Z_max,Z_mean,Z_std,mag_min,mag_max,mag_mean,mag_std,latitude,longitude,speed,n_samples,route,window_start
-0.3158525824546814,1.428515076637268,0.44735865031098804,0.31108457047726146,-0.7489534616470337,2.9527430534362797,1.5271167667495773,0.7352009101404993,7.613961696624756,11.528619766235352,9.765890282052787,0.7094116195205871,7.808606016585543,11.80272451966302,9.925382789349046,0.7294955116063437,30.65851030314722,76.7373105535241,3.137308842423732,193,B,0.12607861328125
-1.0791629552841189,1.3591232299804688,0.3791941999001766,0.3277748476861035,-0.6628118753433228,3.5054850578308105,0.432629769629379,0.6870619252128329,8.090133666992188,11.284551620483398,9.878427312781774,0.5308483243061799,8.21662122900186,11.315323091618623,9.923676897460174,0.5442519185149016,30.65857279725346,76.73726699882576,4.206193454467488,193,B,2.12607861328125
-2.455035924911499,2.5603201389312744,0.3800000728884895,0.6520370619116442,-0.9116654396057128,3.5341989994049072,1.6431376683704284,1.0456020109474045,7.070790767669678,12.641282081604004,9.775275655361037,1.04026495958385,7.175347796488725,12.969167201234189,9.99132530624247,1.0836610619966343,30.658641988155882,76.73721736962392,5.116724533303149,193,B,4.1260786132812495
-0.6939185857772827,1.6103696823120115,0.3581795146220745,0.4646916119644124,-0.916451096534729,3.065205812454224,1.1479473637315623,0.9148118616800188,7.747959613800049,11.997612953186035,9.828934380427544,0.9275726196006324,7.898331585603928,12.306895976276612,9.952953476729153,0.9518160854609098,30.658742013006325,76.73714703461293,7.471454229358148,193,B,6.1260786132812495
-0.4163511395454407,1.7228323221206665,0.41797528370558595,0.3704886812564384,-3.034099102020264,1.761117458343506,-0.48233353618503466,1.15387995457473,8.334200859069824,12.019147872924805,9.927635133575281,0.5825882798986203,8.370751920808328,12.233027880384032,10.020754340098469,0.598231305681395,30.6588564620044,76.73706504992693,7.631904508208477,193,B,8.12607861328125
-0.4331009089946747,1.0959128141403198,0.2671442408875333,0.30290095775890613,-4.031906127929688,0.488135814666748,-1.867742137223999,1.2363614550499118,8.609375953674316,11.09073257446289,9.963713471177986,0.45368476797044105,9.0300587456722,11.611593145655494,10.217043021973113,0.5230805539478477,30.658939611642587,76.73700740493592,3.4624150373992157,191,B,10.12607861328125
-0.2057827413082122,0.8470591902732849,0.24447704469567946,0.2310036649355761,-0.7704889178276062,0.7202396392822266,0.24732859551766645,0.27497646784862884,9.489934921264648,10.389636039733888,9.884279221450727,0.19111965730812966,9.497560412267903,10.401727032819164,9.896883958291316,0.19262808143213767,30.658964622100687,76.73698952745075,1.040089745406,193,B,12.12607861328125
-0.2584248483181,1.007378339767456,0.2347445808027731,0.2391312040166171,-1.4117653369903564,2.426322221755981,0.5027159185394876,0.5722252044663048,9.107083320617676,10.760523796081545,9.850978065648844,0.2556919820031193,9.17346231300805,10.987254383971248,9.885450449584326,0.27833501162919133,30.658976495771377,76.73698090141094,0.6940845846609651,193,B,14.12607861328125
-0.4450650215148926,1.179661512374878,0.3930086542580587,0.26592184300482885,-1.7682958841323853,3.665804386138916,0.9179715102218324,1.0549446109159857,8.221738815307617,11.490334510803224,9.838140189647675,0.5580617219295746,8.252103138356098,11.75265080384026,9.944666210303213,0.6203219300377415,30.658988674260765,76.73697130021746,1.0425303974341416,192,B,16.12607861328125
0.1124626621603965,1.1988041400909424,0.5098315665171933,0.1658876546586846,0.3996013700962066,1.7874385118484497,1.1154130406908154,0.24752471682323607,9.489934921264648,10.265209197998049,9.799632426389714,0.15556775683910984,9.544881501355023,10.320280528745483,9.880445932809899,0.16323867527056585,30.659014862158017,76.7369530450535,2.11119976724413,194,B,18.12607861328125
0.1579262912273407,0.7441678643226624,0.4740516395920917,0.11028625496672982,0.8327022790908813,1.9453648328781128,1.4672466096482746,0.2554046477759142,9.370293617248535,10.2747802734375,9.77531277948093,0.16521003794611053,9.436985964098426,10.42319845446252,9.899833951497767,0.1795945120482498,30.659060683742755,76.73692055210618,3.6221555721741527,193,B,20.12607861328125
0.057427741587162,0.7465606927871704,0.35369142052268737,0.13444887369033326,0.2584248483181,2.1846470832824707,1.4096205005991644,0.552838281671147,9.260223388671877,10.370492935180664,9.794839720651893,0.21623616379545912,9.363279459559138,10.437405300271454,9.918350852977015,0.21861800251038432,30.65913611798624,76.73686876637073,6.020807336252019,193,B,22.12607861328125
-0.1076770201325416,1.0049854516983032,0.3880216062860322,0.2368764797358876,-0.0191425811499357,0.794417142868042,0.4748203190033918,0.1483143500098568,9.284152030944824,10.482955932617188,9.818458013583959,0.23844931311047168,9.322997955955454,10.495063253454507,9.84166561878824,0.23391537518856392,30.659236749160126,76.73679851012545,6.735950407792765,193,B,24.12607861328125
-0.8327022790908813,1.7491533756256104,0.4325181910999776,0.4572103415960931,-2.6009981632232666,2.4813570976257324,-0.7037626146676665,0.9295317369967242,8.054241180419922,12.117254257202148,9.952059301069982,0.7671278882231104,8.14530320406868,12.261811013795029,10.040928801797827,0.7530887571281691,30.65933807158608,76.7367272074879,6.262592123673385,193,B,26.12607861328125
-0.6867401003837585,1.2634103298187256,0.5020041700320913,0.32494623048360427,-2.3234307765960693,0.6747759580612183,-0.5552225488174648,0.5971714360053351,9.042476654052734,11.633903503417969,9.904030719976774,0.40682968924647506,9.102646984191415,11.769505112061186,9.955466766688515,0.4080446026940245,30.65941068671727,76.73667553991824,3.670087511796935,191,B,28.12607861328125
-0.1507478207349777,1.2299108505249023,0.548501899964152,0.2793364201162382,-1.7826528549194336,2.050648927688598,0.060800009702665275,0.6999232663378473,8.784051895141602,10.839486122131348,9.846279198641604,0.3749220365576528,8.784101759048287,10.860557609333446,9.890140044379203,0.3839047843858301,30.65945545298781,76.73664218288515,2.763094947232595,193,B,30.12607861328125
0.0454636290669441,0.9978070259094238,0.5004222812082793,0.21675271323262696,-1.5696916580200195,1.098305583000183,-0.18442091549302744,0.5435539578749436,9.10947608947754,11.093125343322754,9.875117064757669,0.25085863652223467,9.15062743079205,11.151247806511275,9.906831819367456,0.24983310103068404,30.659483986308658,76.73662212426142,1.2504494313820969,193,B,32.12607861328125
-1.7371892929077148,2.7326035499572754,0.46947676195266025,0.5296273044556126,-2.012363910675049,4.048655986785889,0.9145045758036829,1.031353995971584,6.659225463867188,12.471391677856444,9.806357477613064,0.7201318537106649,6.935252951939925,12.913970118610566,9.925367996102802,0.7557977263895144,30.659501426622015,76.73661000096455,1.189503469572154,193,B,34.12607861328125
-0.5312066078186035,1.6893328428268433,0.5083694272394741,0.4113377184457334,-1.3519448041915894,3.3786656856536865,1.1412276226527738,1.0181265839964853,6.963113784790039,12.990633964538574,9.840005765924799,0.9329536876184956,7.002766960445168,13.42817878590856,9.974828320613158,0.9826171441013496,30.65953172911151,76.73658954417017,2.4966061826954937,193,B,36.12607861328125
-0.5096712112426758,1.0839486122131348,0.3852691150488831,0.3034367294423178,-1.2586246728897097,2.9551360607147217,0.7288241772864437,0.9656508139156189,8.097311973571777,11.511869430541992,9.871170486371541,0.6066185263095469,8.149126795448515,11.773455766257038,9.954541319460569,0.6475123490908404,30.659581588221435,76.73655751992644,3.642509647934784,194,B,38.12607861328125
-0.2823530733585357,1.28255295753479,0.43074526930700774,0.2867570662279592,-1.832902193069458,1.3399807214736938,-0.5234206533180116,0.6781373873784274,8.702695846557617,11.002198219299316,9.886672005134542,0.38099959160704805,8.837574088649635,11.055912630931944,9.937199388445382,0.38095004756379786,30.659639483513477,76.73651645182224,3.5346189918841713,193,B,40.12607861328125
-0.1004985496401786,0.97148597240448,0.4583433179590137,0.23823990854958244,-2.115255117416382,0.9667003750801086,-0.7699557746907725,0.910269632127844,9.219545364379885,10.74855899810791,9.913327859473352,0.22902755954499268,9.317642796448641,10.795198817784796,9.997895837947624,0.23845593993111863,30.65966985328542,76.73649343737166,0.8013500940102269,193,B,42.12607861328125
-0.2225325107574463,1.124626636505127,0.4385188438500147,0.2688604750936313,-0.48574298620224,1.9142581224441528,0.577463731196241,0.44400727982670685,8.48016357421875,11.011770248413086,9.858280478363827,0.3109496752367864,8.545173157683893,11.078402603084395,9.898363813937628,0.3161788329643255,30.659674464973687,76.73648968761111,0.283199705418847,193,B,44.12607861328125
0.064606212079525,0.8039883971214294,0.45704152377158247,0.20501559336220382,-0.4737788736820221,0.6891329288482666,0.20536121401279547,0.2129363493252836,9.621540069580078,10.171889305114746,9.86769063485101,0.0958432750890121,9.661263070500635,10.193060160603773,9.88480001907767,0.09831808788903572,30.65967840443275,76.7364863884861,0.2471675431159479,193,B,46.12607861328125
0.0909272581338882,0.8398807644844055,0.4631165643584543,0.20806116888493004,0.1603191196918487,0.6867401003837585,0.3862362886185473,0.08773903759765635,9.521040916442873,10.193424224853516,9.851734368912297,0.10625342075028711,9.54579271006659,10.218435327797648,9.872719164301769,0.10963201814617601,30.6596785,76.7364861,0.0,193,B,48.12607861328125
-0.2416750937700271,1.2562319040298462,0.4643811672983855,0.27558203618480814,-0.2775674164295196,1.8807586431503296,0.5586806944151617,0.3956661223766567,8.628518104553223,10.829915046691896,9.8559868718676,0.28367204922936884,8.663923076070512,10.877577007675383,9.894373673052845,0.28738092117810127,30.6596785,76.7364861,0.0,193,B,50.12607861328125
0.057427741587162,0.9260223507881165,0.47467154164079556,0.19077404882676427,-0.2799602448940277,1.3208380937576294,0.22395827978791505,0.3359912198180434,9.284152030944824,10.38485050201416,9.866116049376176,0.1597427059653901,9.290955823002625,10.408754798273693,9.887596105060409,0.16112763912918018,30.65968273556992,76.7364834953921,0.2888278091981452,193,B,52.12607861328125
0.0598205663263797,0.8757730722427368,0.47431199810433883,0.21745022324685565,0.1363908946514129,0.5886343717575073,0.3878852284942884,0.08599304118625427,9.635896682739258,10.107282638549805,9.857462245565621,0.088802992733727,9.649553783107537,10.13540704359233,9.879224716358985,0.09204956656157956,30.6596827,76.7364833,0.0,193,B,54.12607861328125
0.114855483174324,0.8350951075553894,0.47927121775601195,0.21812264464029554,0.2560320198535919,0.5623133182525635,0.3872157343002181,0.06553965573613814,9.62393283843994,10.124032974243164,9.859594735456872,0.10415814237000186,9.633518933826542,10.15784870937822,9.88140039442646,0.10905673173754857,30.6596827,76.7364833,0.0,193,B,56.12607861328125
0.0693918541073799,0.8590233325958252,0.4722124486393535,0.23057452979016804,0.057427741587162,0.7824530005455017,0.3910291550162527,0.07597543005587752,9.329615592956545,10.308279991149902,9.858281287950339,0.1297477594119108,9.337161378534553,10.333677997088113,9.880240515707571,0.134970595603633,30.6596827,76.7364833,0.0,194,B,58.12607861328125
0.0263210497796535,0.9499505758285522,0.47878769393334736,0.2352857506918677,-0.0765703245997428,0.8327022790908813,0.3905012168646476,0.09103755545393541,9.03290557861328,10.631311416625977,9.852837794802968,0.15558956998186102,9.058310786680567,10.651543373441548,9.875351193513744,0.15948544437680698,30.6596827,76.7364833,0.0,193,B,60.12607861328125
-0.6915257573127747,1.8400806188583372,0.47341933904138483,0.3612739181686722,-0.7824530005455017,2.5746772289276123,0.9179760309930293,0.652910327204232,7.800601959228516,11.633903503417969,9.837092256298954,0.5947972244027122,7.864345847976598,11.710161151290754,9.91958375410644,0.5896121994468548,30.6596827,76.7364833,0.0,193,B,62.12607861328125
-0.2081755697727203,1.043270707130432,0.43251515535424306,0.257983517232479,0.0023928226437419,2.6967110633850098,1.1481560658127516,0.6257049824926689,8.685946464538574,11.234302520751951,9.824805155396461,0.4047969469954521,8.696857276773054,11.471268078984073,9.923115513576155,0.431079279691646,30.659701124446308,76.73647206719227,1.8378156928694915,192,B,64.12607861328125
-0.3732803463935852,1.031306505203247,0.4110943678008885,0.2575753600766796,-0.5168496966362,1.5720844268798828,0.3005286047061413,0.36060840382871173,8.446663856506348,11.196017265319824,9.858937639028914,0.41228098728246715,8.451332975926364,11.238501440763878,9.881994729142495,0.41292452633661775,30.659736812611218,76.73644731099297,2.3992730125510184,193,B,66.12607861328125
0.0071784676983952,1.2299108505249023,0.4922519704770934,0.22843215335595207,-1.3304094076156616,0.3541377484798431,-0.6216131669476416,0.36830096883929164,9.226723670959473,10.700702667236328,9.905455021042897,0.22612120811573744,9.34272432971625,10.743470768552601,9.946612978790425,0.2249489029037539,30.659765749891868,76.73642635245922,1.383582863012358,193,B,68.12607861328125
0.0191425811499357,0.916451096534729,0.47412602978859847,0.24448070526446106,-0.2488535493612289,0.6508477330207825,0.2511967859638691,0.17485029597131227,9.547362327575684,10.234102249145508,9.861764329702742,0.1360580350164864,9.552917577372384,10.264264321491845,9.880858319946382,0.14065952966598488,30.65977299042721,76.73642099287183,0.06501028391615973,193,B,70.12607861328125
-0.0143569353967905,0.9858429431915284,0.47394005909870945,0.25181186714903125,0.1507478207349777,0.5647061467170715,0.3836079039876325,0.07561351686795448,9.410971641540527,10.468599319458008,9.856730718069127,0.157897532543483,9.419667995250947,10.511779335951534,9.87898359895833,0.1632665146735155,30.6597733,76.7364209,0.0,193,B,72.12607861328125
0.064606212079525,0.9236295223236084,0.4745599607420709,0.2379441496072173,0.2033899277448654,0.5383850932121277,0.38354591469381755,0.07183337774207899,9.463613510131836,10.210174560546877,9.858392112613341,0.13780410418634825,9.468904978378589,10.252732166368306,9.880306319540574,0.14326244002569433,30.6597733,76.7364209,0.0,193,B,74.12607861328125
0.0550349205732345,0.9930213689804076,0.4692424909444526,0.2433640954392704,0.1914258152246475,0.5551348328590393,0.381019618595019,0.06554071502342422,9.415757179260254,10.224531173706056,9.86082211136818,0.14270352020636626,9.425371296277202,10.26694422369448,9.882460541635515,0.1484479136962377,30.6597733,76.7364209,0.0,192,B,76.12607861328125
0.0311066936701536,0.8733802437782288,0.47282915457737507,0.23358895924162357,0.2105683982372284,0.6580262184143066,0.38262960844740423,0.07008681316397167,9.346364974975586,10.296316146850586,9.856320189446517,0.12624678084966923,9.368144546629575,10.329844762951943,9.878011482656746,0.13162015425251208,30.6597733,76.7364209,0.0,194,B,78.12607861328125
-0.1268195956945419,0.9810572862625122,0.47463434965499324,0.24860310419153037,-0.9523434042930604,1.3040883541107178,0.37930578115960784,0.16768293688575334,8.793622970581055,12.074183464050291,9.868186580084766,0.24277632739573035,8.894825118833628,12.079363719284542,9.891344263989863,0.2458192180719642,30.6597733,76.7364209,0.0,193,B,80.12607861328125
0.064606212079525,0.8638089895248413,0.46603959732844186,0.23165628167120114,0.2225325107574463,0.5670989751815796,0.38429728654834133,0.06442129728454625,9.528220176696776,10.202995300292969,9.860236356655756,0.12205562359089468,9.537641688776361,10.243737004999815,9.881573929079819,0.12785662127639116,30.6597733,76.7364209,0.0,192,B,82.12607861328125
0.0502492748200893,0.916451096534729,0.4737664843701946,0.24125232422399204,0.2560320198535919,0.5216353535652161,0.3867198131553867,0.05542933491867223,9.542576789855955,10.133604049682615,9.861491593672204,0.1110672424208554,9.550493880307553,10.168099164522928,9.883459504714876,0.11773951664628265,30.6597733,76.7364209,0.0,193,B,84.12607861328125
-0.3780659735202789,1.4572290182113647,0.48075898298800684,0.3178702516125135,-0.8925228714942932,2.4287149906158447,0.5768686283592115,0.5438655121511435,7.872386455535889,11.624332427978516,9.838108863237608,0.5058900865892937,8.055717348129997,11.796891829983618,9.886320842055,0.5154694936162212,30.6597733,76.7364209,0.0,193,B,86.12607861328125
-0.1076770201325416,1.0097711086273191,0.4733449519163123,0.21301760316427065,-0.3182454109191894,1.8065811395645144,0.6186128426922263,0.4950954185009772,8.788837432861328,11.018948554992676,9.838170871833446,0.291809938995413,8.80347143439259,11.070923774536466,9.883246302198772,0.3056712928781016,30.6597795944804,76.7364195806382,0.7403234166050787,193,B,88.12607861328125
-0.672383189201355,1.6079767942428589,0.47366730051375733,0.3187721984395681,-1.1988041400909424,2.179861545562744,0.5865514961703454,0.5053764039311199,8.628518104553223,11.12183952331543,9.842373823254837,0.4208727992987396,8.706738195110677,11.15611121582384,9.889332573436526,0.41950212780496493,30.65979093393744,76.73641241814934,0.7438294038127322,193,B,90.12607861328125
0.0550349205732345,0.8638089895248413,0.5119892700264851,0.18265706663973197,-1.4189438819885254,1.581655740737915,-0.1331630729837343,0.7862911414310026,9.221938133239746,10.63370418548584,9.879192024469376,0.2443765197153072,9.257879952820952,10.732753120357222,9.92604875548062,0.2513838166313105,30.659802996538918,76.73640416402334,0.5015502001509259,192,B,92.12607861328125
0.117248311638832,0.9212366938591005,0.5009429996032171,0.22271980020450055,0.2249253243207931,0.6245267391204834,0.4194630489448192,0.0835128199579597,9.528220176696776,10.092926025390623,9.857139883881405,0.09576220569072227,9.542223702415697,10.114152381127163,9.881604974308015,0.0986501949182047,30.6598037,76.7364036,0.0,193,B,94.12607861328125
0.1507478207349777,0.8733802437782288,0.4960869691179444,0.20160536645487662,0.0789631456136703,0.7178468108177185,0.39966369482378167,0.09411413166230366,9.119047164916992,10.64806079864502,9.861532494425774,0.18583252591366003,9.163638905081545,10.674801293782888,9.88457873780245,0.18653574975693826,30.6598037,76.7364036,0.0,192,B,96.12607861328125
-0.2105683982372284,1.284945726394653,0.5017897089086377,0.25177291958862297,0.0957129076123237,1.2705888748168943,0.5560229115341742,0.205942407352115,9.312865257263184,10.246066093444824,9.851287822133488,0.15965785648870884,9.342050449974305,10.293097095809772,9.884975653964226,0.1654538439878518,30.6598037,76.7364036,0.0,194,B,98.12607861328125
0.0693918541073799,0.9260223507881165,0.5007446306357112,0.2087045212392226,-0.1603191196918487,1.179661512374878,0.38497168819391087,0.31361477315713077,9.241081237792969,10.301101684570312,9.857809383016793,0.17955492080751728,9.271644204028835,10.335678442586469,9.885091874356897,0.1856465080545377,30.65980598098261,76.73640131901739,0.16588964065503423,193,B,100.12607861328125
0.1387837082147598,0.882951557636261,0.5045756262201102,0.2136080480031478,-0.4163511395454407,0.7872386574745178,0.37040398595613366,0.21629596016680513,9.57607650756836,10.159924507141112,9.857040711635134,0.09979958160325407,9.595434498514155,10.175331243705191,9.881548925790632,0.10203132102682616,30.6598076,76.7363998,0.0,193,B,102.12607861328125
0.0933200865983963,0.9116654396057128,0.5026911241943355,0.22506882907996503,0.2512463629245758,0.5623133182525635,0.4159296059237861,0.05991694752744104,9.68375301361084,10.07139015197754,9.857710210770524,0.07927653083619207,9.697277770004984,10.101027157435025,9.88196910878769,0.08581213602269883,30.6598076,76.7363998,0.0,193,B,104.12607861328125
0.1244267746806144,0.9092726111412048,0.5103531160580062,0.22777070910343664,0.2201396822929382,0.6269195079803467,0.4181984482342715,0.061746222063476686,9.645467758178713,10.054640769958496,9.8528253822129,0.082628043261377,9.652058086579316,10.096058013340711,9.877651608616802,0.08964620316656483,30.6598076,76.7363998,0.0,193,B,106.12607861328125
0.1100698411464691,0.9595218896865844,0.5034399138530716,0.23512830493446507,0.2225325107574463,0.5479564070701599,0.41721106072266895,0.059345149875269204,9.614361763000488,10.164710998535156,9.855675036708513,0.09975706386266756,9.62604567415606,10.219182291648291,9.880242303168009,0.10685464109714687,30.6598076,76.7363998,0.0,192,B,108.12607861328125
-0.0526420995593071,1.1988041400909424,0.505654256023621,0.23651978484403,-0.5479564070701599,2.3162522315979004,0.5613462750466994,0.3396311557235133,8.547162055969238,11.172088623046877,9.86224793152488,0.24396558369801688,8.648200205901151,11.273626594748196,9.899474953189209,0.25677990143264723,30.6598076,76.7363998,0.0,193,B,110.12607861328125
-0.6460621356964111,1.940579175949097,0.5021580082793851,0.4413299676333052,-1.8137595653533936,3.373879909515381,1.2659767570415599,0.9277660642742014,6.431907176971436,13.366307258605955,9.816040372601444,1.2074611165922071,6.631606304996369,13.637770212181707,9.961835725428168,1.2185326213135546,30.659812164111543,76.7363956508077,0.8090924710201092,193,B,112.12607861328125
-0.3708875179290771,1.2394821643829346,0.46520460227232735,0.2818177635252771,0.1507478207349777,3.335594654083252,1.6027549765227984,0.6354418924065749,7.846065521240234,11.86122226715088,9.786918794115385,0.6980744622712609,7.9374259608980635,12.17276003393472,9.94954500441378,0.7389777600419544,30.659842002805313,76.73637420144489,2.5925136003984584,192,B,114.12607861328125
-0.3589234054088592,1.2610175609588623,0.4528881775027073,0.28299546261065034,-1.007378339767456,2.6775684356689453,0.47196876581449426,0.7986417467189093,8.642875671386719,11.810972213745115,9.855218200485941,0.5201655243681783,8.672603988124306,11.816348296747394,9.91329599101671,0.5179168225779028,30.65990074701647,76.73633117617081,4.367549145705071,193,B,116.12607861328125
-0.5359922647476196,1.1437692642211914,0.42478769116545306,0.27245301867226884,-0.5479564070701599,3.084348440170288,0.6045947453419956,0.7549991980843146,8.382058143615723,11.401800155639648,9.852138902723174,0.5369018914350531,8.390974400676889,11.69905292114772,9.910699176323723,0.5667276781194496,30.65996441159,76.73628520936616,4.1224930984532175,194,B,118.12607861328125
-0.3230310678482055,1.277767300605774,0.40935864225705515,0.32145896365875887,-0.8279166221618652,3.460021495819092,0.8781163181537772,1.1023143087646965,7.795815944671631,12.07179069519043,9.824148709292238,0.6161482498010189,7.851364273545061,12.429400615158341,9.934838814080694,0.6705294423657729,30.660039206907044,76.73623365454773,5.353294037628302,193,B,120.12607861328125
-0.3421736359596252,1.495514154434204,0.43906436010307287,0.31721392195664083,-1.146162033081055,0.9523434042930604,-0.11154520884397502,0.43572703033642335,8.394021987915039,11.578868865966797,9.892003207626738,0.5878113482867708,8.449674575303291,11.592399025660724,9.917214923694804,0.5846369482808255,30.660120188721223,76.73617832076842,4.886512755279583,193,B,122.12607861328125
-0.5000999569892883,1.308874011039734,0.4393726142515477,0.3693842063002863,-1.1126625537872314,1.1509476900100708,0.05665952256439548,0.44094631287135105,8.283951759338379,11.62672519683838,9.891550992664538,0.6157955608048948,8.326392022598837,11.63734966564589,9.918457907209962,0.6109950036165429,30.660189959891618,76.73613013265542,4.1910271827770735,190,B,124.12607861328125
-0.5718846321105957,1.383051514625549,0.5115433278906164,0.35219122310983825,-0.8063812255859375,1.5481562614440918,0.1612489705548231,0.40338333043014424,8.764909744262695,11.229516983032228,9.87788183083806,0.4580085146952236,8.842941218786454,11.248262788157792,9.907144450591549,0.45303937396875155,30.66025004110984,76.73608837381201,3.690984716009485,193,B,126.12607861328125
-0.3421736359596252,1.3615161180496216,0.4696503349126273,0.3099823435334167,-1.6965112686157229,3.074777126312256,0.6331805459807573,1.0936318057766516,8.417949676513672,11.229516983032228,9.838245283136713,0.6307950667700526,8.492061109416362,11.583708597856697,9.931502831415774,0.6839830391204766,30.660303094574353,76.73605326780637,3.380000114440918,193,B,128.12607861328127
-0.3421736359596252,0.9499505758285522,0.3285233893340038,0.2800026936520387,-0.576670229434967,2.3258235454559326,0.9860041052575942,0.6436435503577743,8.484949111938477,11.011770248413086,9.854164360718405,0.5217717089261811,8.534970301211636,11.09670713297869,9.932243849546024,0.5478533733925347,30.660366203666435,76.73601033877439,4.399019683850249,193,B,130.12607861328127
-0.4498506486415863,1.2059825658798218,0.3996881664021259,0.2956143930746305,-2.462214469909668,1.222732424736023,-0.5360170669704096,0.7969700392293508,8.2695951461792,11.645867347717283,9.898809724521143,0.5357427741556439,8.333481349441472,11.739530543764758,9.957964296229498,0.5310512184530537,30.66043605976609,76.73596205056008,4.094581565480955,193,B,132.12607861328127
-0.4067798554897308,1.100698471069336,0.46853450910608074,0.29361353169290216,-0.8350951075553894,3.8285162448883057,0.3692261730562027,0.732459205500468,8.111668586730957,11.277373313903809,9.87241427268389,0.5172732810427433,8.177067114366888,11.770491307790662,9.920399496106974,0.5443959985363275,30.660488561099736,76.7359262238898,3.1109936216848513,193,B,134.12607861328127
-0.4426721930503845,1.5744773149490356,0.3848849036284467,0.3441840903997958,-1.526620864868164,4.163511276245117,1.388990151092719,1.1929229553369407,7.625925540924072,12.050254821777344,9.807336933254579,0.8536501304048164,7.688162763007645,12.32610578485847,9.981609282216278,0.948161536353973,30.660543924355494,76.7358884481155,4.063410276830642,193,B,136.12607861328127
-0.4833501875400543,1.1581261157989502,0.41294167779501856,0.31490276423788327,-2.569891452789306,1.4141582250595093,-0.8632634608123277,0.82755156131903,8.408378601074219,11.44965648651123,9.921188211193973,0.5430236527649627,8.484161069054256,11.482556163354266,10.006180234495341,0.548595747150224,30.66061429423949,76.73583945986967,4.183617624024911,193,B,138.12607861328127
-0.2033899277448654,1.3854442834854126,0.4761100344878343,0.29124716415274277,-2.043470621109009,0.851844847202301,-0.6619484843902251,0.7384801121973579,8.774480819702148,11.353943824768066,9.909073249580933,0.413495281488327,8.823523584270452,11.384223459999752,9.974183636201953,0.4140122611219229,30.66066044557062,76.73580601379007,2.4063890432837916,194,B,140.12607861328127
-1.4979069232940674,2.0650060176849365,0.4603765986044288,0.4358768819144905,-2.414358139038086,3.421736478805542,0.5881756373495346,1.0594861816385572,7.338787078857422,12.655638694763184,9.829405456009306,0.7171071527805724,7.407071321055684,12.865586298265896,9.92327211053864,0.7283692233923897,30.66067590531411,76.73579478642735,0.48014723386777103,193,B,142.12607861328127
-0.7322037220001221,1.7922241687774658,0.42333123779739856,0.3811866113215952,-0.7154539823532104,3.1106693744659424,1.358404178210954,0.7645399046363718,7.168896675109863,12.10768222808838,9.820677243366143,0.7847498550532869,7.173607694182447,12.410655670336284,9.957052605112096,0.8203249472705909,30.66069636373052,76.73577973477983,2.0226834252811683,193,B,144.12607861328127
-0.3565305769443512,1.7180466651916504,0.44101085137199475,0.32471811016206814,-1.0863415002822876,1.5050854682922363,0.2175360954887779,0.46889561326764145,7.659425258636475,11.765508651733398,9.87977869399471,0.6273291536202259,7.666932694775441,11.778401759303616,9.90838637070905,0.6281448154033074,30.660739926972596,76.73574893885787,2.980066994902194,193,B,146.12607861328127
-0.7082754969596863,1.3304094076156616,0.32694884010233527,0.3714294119726579,-0.6604190468788147,2.550748825073242,0.6479590169487067,0.7220028971429087,8.25523853302002,11.485548973083496,9.842349032663929,0.568185684445075,8.26296026996183,11.516665361217068,9.901048976593852,0.5915175729673656,30.66078355082941,76.73571861323332,2.888304964118048,193,B,148.12607861328127
-0.3445664644241333,1.6510475873947144,0.6873133779299678,0.3907930410220954,-1.383051514625549,3.290131092071533,0.6780411930303671,1.0594575286432775,8.111668586730957,11.404192924499512,9.834039921561876,0.6236167643588391,8.11652618562977,11.815338059733715,9.942113679430467,0.677439021448775,30.660833908709822,76.73568071830935,3.6482374592102356,192,B,150.12607861328127
-0.5982056856155396,1.8999011516571045,0.39526206497802674,0.42134191118835707,-2.234896421432495,0.4953143000602722,-1.237312473569046,0.45245326032987854,8.233702659606934,11.0835542678833,9.947633259036998,0.5110422064828218,8.392936145698577,11.153510819013626,10.051191877877745,0.5094415014086996,30.660886177797533,76.73564572791074,2.7620326178977974,193,B,152.12607861328127
-0.3373879790306091,0.969093143939972,0.3749912623207476,0.26441201135512277,-0.8183453679084778,0.8350951075553894,0.002628384092870926,0.40019219545719437,9.446864128112791,10.475777626037598,9.877286713358034,0.18490241680938527,9.465625942606698,10.4842876006505,9.895991175225424,0.18717169058166042,30.660904489742272,76.73563361680985,0.3542951064899649,193,B,154.12607861328127
-0.0861416161060333,0.8733802437782288,0.3605103469007393,0.23819939393433776,0.0741775035858154,0.6532405614852905,0.40651949043409813,0.12339064912524941,9.41336441040039,10.47817039489746,9.86930236421101,0.1832041328612822,9.42069846756151,10.506624056081113,9.887791712617098,0.1883028632458426,30.6609065,76.7356329,0.0,193,B,156.12607861328127
-0.1268195956945419,0.794417142868042,0.3710486854129794,0.24148235874195595,0.1076770201325416,0.6795616149902344,0.4068046455787871,0.12768811181930317,9.497113227844238,10.30588722229004,9.86654999589673,0.17387248424185334,9.50325818357523,10.340023549503618,9.885575930477827,0.1794829104911564,30.6609065,76.7356329,0.0,193,B,158.12607861328127
-0.1124626621603965,0.8398807644844055,0.3619452601589128,0.24118731141685404,0.0550349205732345,0.7776673436164856,0.40877797877051164,0.13688430642638066,9.243474006652832,10.518848419189451,9.866051777121948,0.19315641726827376,9.250282649795185,10.552798817740436,9.884937026522154,0.19829143170585262,30.6609065,76.7356329,0.0,194,B,160.12607861328127
-0.122033953666687,0.8159525394439697,0.36375863361293015,0.23636908561610293,0.0382851622998714,0.7106683254241943,0.40523009386318953,0.12667132521343216,9.454042434692385,10.473384857177734,9.86916597395981,0.18376311351708569,9.459825894000211,10.490996410623492,9.887715403776616,0.1890442782546352,30.6609065,76.7356329,0.0,193,B,162.12607861328127
-0.1268195956945419,0.8015955686569214,0.3655811464401937,0.2527113253074686,0.1244267746806144,0.7824530005455017,0.40891231252893884,0.10243505306215596,9.542576789855955,10.296316146850586,9.865917709824952,0.15222823091813045,9.548700528842692,10.319525890992137,9.884821283388336,0.15820459792272126,30.6609065,76.7356329,0.0,193,B,164.12607861328127
-0.1244267746806144,0.8327022790908813,0.36787478612745517,0.26745178907996286,0.1746760457754135,0.5718846321105957,0.4104248743909628,0.07196095783419984,9.57607650756836,10.19581699371338,9.867665864025373,0.12874472746446888,9.584288469360288,10.226662235685328,9.886834971039566,0.1356036100265598,30.6609065,76.7356329,0.0,193,B,166.12607861328127
-0.0478564538061618,0.7537391185760498,0.37062714973686584,0.23842418799126278,0.2512463629245758,0.550349235534668,0.4104496703864379,0.06361014092950422,9.585647583007812,10.169496536254885,9.861528806735814,0.11492367070768604,9.591720597804581,10.196846315188049,9.880037042081984,0.12063027293293284,30.6609065,76.7356329,0.0,193,B,168.12607861328127
-0.0622133873403072,0.8255237936973572,0.3675896310780699,0.24445324572617158,0.2871387302875519,0.5359922647476196,0.4078708772832248,0.056860802521999244,9.609575271606444,10.25324535369873,9.861231240583825,0.11684332586550016,9.616613229380732,10.27864565785774,9.879625216599068,0.12251878315966404,30.6609065,76.7356329,0.0,193,B,170.12607861328127
-0.0215354040265083,0.7441678643226624,0.36842029606392657,0.22024798995477007,0.2823530733585357,0.550349235534668,0.4082056245346761,0.05569439413339455,9.595218658447266,10.258030891418455,9.861751976408488,0.12845664473372165,9.6029599873233,10.28440816786709,9.879632059332614,0.13228724447495793,30.6609065,76.7356329,0.0,193,B,172.12607861328127
-0.0406779833137989,0.7704889178276062,0.36213448923804986,0.22624327221825538,0.2679961323738098,0.5551348328590393,0.4072757713844121,0.0556750094339114,9.542576789855955,10.159924507141112,9.860884098191335,0.12305093130042828,9.551228550167963,10.188886762780196,9.878626610342845,0.12733298957787353,30.6609065,76.7356329,0.0,193,B,174.12607861328127
-0.0119641134515404,0.763310432434082,0.3681599405048888,0.22456227605149248,0.2727817893028259,0.5623133182525635,0.4061847427966063,0.05488568914750115,9.609575271606444,10.131211280822754,9.860735334880612,0.111768612553291,9.617734574957757,10.15878249649179,9.878610269899623,0.11670965907228521,30.6609065,76.7356329,0.0,193,B,176.12607861328127
-0.0167497582733631,0.7537391185760498,0.3707263348346644,0.22622259915530532,0.2727817893028259,0.5958128571510315,0.4089743024018144,0.056874573684742843,9.4660062789917,10.22931671142578,9.864603497203767,0.12611517537328437,9.471768832318682,10.25624683498502,9.88273340476927,0.1303726260655107,30.6609065,76.7356329,0.0,193,B,178.12607861328127
-0.7513462901115417,1.5696916580200195,0.3636597056450687,0.30426030860187625,-0.6364908218383789,2.524427890777588,0.5189218265532526,0.3758699978133186,8.784051895141602,11.018948554992676,9.853828656304742,0.255270762931694,8.803313174966977,11.038470047426262,9.885833232853054,0.2622679482291118,30.6609065,76.7356329,0.0,194,B,180.12607861328127
-1.2969099283218384,3.433700561523437,0.44722104445221095,0.7257021473313232,-0.5838487148284912,4.572684288024902,1.4182459256747582,0.9994520995136966,1.0600204467773438,20.45145606994629,9.861819143717488,3.1545226188640285,1.1222057784107244,20.55814858553953,10.046066907593529,3.1654392647197165,30.660911340000712,76.73562764514207,1.0440572900208978,192,B,182.12607861328127
-0.4761717021465301,1.828116536140442,0.6047236108473347,0.3668824472460834,-1.4691931009292605,2.062613010406494,0.08745018932919872,0.7324835459212543,8.147561073303223,12.15553855895996,9.875827088952065,0.6631079124921633,8.306270806820713,12.251906679803993,9.928199280736868,0.6685842450564212,30.660940259939668,76.73560652195349,2.220000028610229,192,B,184.12607861328127
-0.0478564538061618,1.2538390159606934,0.6283948975301545,0.2514724275115019,-0.8685946464538574,0.4546363055706024,-0.3265273066411287,0.28184650269539857,8.578269004821777,10.526026725769045,9.866599586961183,0.2970862288522801,8.603723975384929,10.575781730816448,9.899103839014867,0.2999448004246951,30.660965669802735,76.73558935879566,1.222050751036405,193,B,186.12607861328127
0.1986042857170105,1.06480610370636,0.6291635774577837,0.2293050479932635,-0.2033899277448654,0.5623133182525635,0.20003005419495887,0.1321158967020881,9.497113227844238,10.315458297729492,9.857239066010312,0.147881135558159,9.503900715807621,10.331262909362128,9.882798809401713,0.15235738445898972,30.660972768400413,76.73558467745687,0.09248562921039785,193,B,188.12607861328127
0.1890329867601394,1.007378339767456,0.6138024018990561,0.23560074588666172,0.2105683982372284,0.5335994362831116,0.361725354441707,0.06155696677946538,9.504291534423828,10.191031455993652,9.854722275017457,0.1270183281561552,9.515076310838387,10.21759878975017,9.883349574136231,0.1340953432392387,30.660973,76.7355845,0.0,193,B,190.12607861328127
0.2081755697727203,1.0145567655563354,0.6107896754778729,0.23302339530395685,0.236889436841011,0.5048855543136597,0.3621840825970309,0.05427982267565889,9.518648147583008,10.126425743103027,9.847853734703262,0.12591055732342896,9.530842048186756,10.177068845446685,9.8762258705078,0.1331418136147132,30.660973,76.7355845,0.0,193,B,192.12607861328127
0.1674975901842117,1.031306505203247,0.6159720590695198,0.2349923440940059,0.2512463629245758,0.4905286431312561,0.36237005310355075,0.05339845702041904,9.542576789855955,10.162318229675291,9.853581660769764,0.12258457083139754,9.553458587841304,10.214839256640676,9.882313438002708,0.12956104920382075,30.660973,76.7355845,0.0,193,B,194.12607861328127
0.2105683982372284,1.043270707130432,0.6175466111904598,0.232512423822454,0.2584248483181,0.5168496966362,0.3625312276145955,0.05281657520837513,9.57607650756836,10.210174560546877,9.853073367183072,0.1148770774273006,9.587230836350262,10.250846400186465,9.881844008868793,0.12269813458920839,30.660973,76.7355845,0.0,193,B,196.12607861328127
0.1770688742399215,1.0265209674835205,0.6120294806561939,0.23809763995768646,0.2225325107574463,0.5024927258491516,0.3623576542565242,0.0568679920577161,9.533005714416504,10.140782356262209,9.851337586042177,0.1227680679933091,9.5435456644281,10.17943340790338,9.87991152403865,0.13069093051565112,30.660973,76.7355845,0.0,193,B,198.12607861328127
0.1339980661869049,1.074377417564392,0.6172989060737423,0.23731352770864522,0.1818545162677765,0.5575276613235474,0.3628086486120814,0.06781114551888709,9.501898765563965,10.140782356262209,9.850843798253955,0.127810074756285,9.512080732538871,10.177471935590114,9.879799903922283,0.13644386429044586,30.660973,76.7355845,0.0,194,B,200.12607861328127
0.1579262912273407,1.1198409795761108,0.6137032178399476,0.18771807896647108,0.131605252623558,0.5383850932121277,0.3621716839044205,0.08491482809055681,9.482755661010742,10.169496536254885,9.853160131780594,0.12759107638331177,9.495674021616336,10.214818916612659,9.880989770294484,0.1316578825167038,30.660973,76.7355845,0.0,193,B,202.12607861328127
0.0047856452874839,1.3208380937576294,0.6150917973480347,0.29466147508862456,0.0358923412859439,1.2059825658798218,0.38229371244425603,0.14666792788174757,9.159725189208984,10.30588722229004,9.85198232917588,0.1767333828885503,9.244173727393228,10.35657380840135,9.883857111311345,0.18703575570183678,30.660973,76.7355845,0.0,193,B,204.12607861328127
-0.1603191196918487,1.284945726394653,0.5950775429955684,0.26417383794363564,-0.9236295223236084,1.9262222051620483,0.8726823594430849,0.5143147631001084,8.37727165222168,10.798809051513672,9.8326316823562,0.3923627004493655,8.39150747910718,10.988752332216874,9.905590866266209,0.4048001415262301,30.660976942212503,76.73558615987895,0.42880206504587304,192,B,206.12607861328127
0.1603191196918487,0.9595218896865844,0.5925521528628206,0.17019917205086546,-0.5455635786056519,1.0001999139785769,-0.0449181160107834,0.29327040970789914,8.252845764160156,12.057433128356934,9.894061271390767,0.33934486212031073,8.323103405774788,12.095563503036525,9.917711171825852,0.33870263079607177,30.66098956710263,76.735579701566,0.7916187841472009,193,B,208.12607861328127
0.1651047617197036,0.976271629333496,0.6133312767496999,0.22737707192517326,-0.4522434771060943,0.727418065071106,0.2501801456110021,0.27566419748049326,9.580862045288086,10.133604049682615,9.86144200260775,0.10968144467198329,9.599780371592912,10.175313227411182,9.890095546341465,0.11195944464672611,30.660993261700327,76.73557716914983,0.0,193,B,210.12607861328127
0.1124626621603965,1.1365907192230225,0.6023094122505559,0.2275983258377857,0.0789631456136703,0.5670989751815796,0.3499596093834373,0.08236283512143079,8.492127418518066,11.023734092712402,9.85256505383111,0.2285450553928235,8.52794657706155,11.028956345883245,9.88009842956658,0.22969326331728027,30.6609932,76.7355772,0.0,193,B,212.12607861328127
0.1244267746806144,1.0169496536254885,0.5945854312474863,0.2312286104316982,-0.3206382393836975,1.1054840087890625,0.35069109408734994,0.11989199757560201,8.417949676513672,11.526226997375488,9.854362734858853,0.2793313521966521,8.444414132062347,11.537853420216857,9.88191952608833,0.2802039155647834,30.6609932,76.7355772,0.0,193,B,214.12607861328127
0.12921242415905,1.0217353105545044,0.6084092512649576,0.24758425695070052,0.229710966348648,0.5527420043945312,0.3514721707050047,0.05598739046029081,9.635896682739258,10.162318229675291,9.858168918234078,0.10566537381864076,9.644316904612396,10.200433313434838,9.886336952945593,0.11457879589348371,30.6609932,76.7355772,0.0,193,B,216.12607861328127
-0.1698904037475586,1.2729816436767578,0.5866754793952861,0.25625715374729124,-0.4570291340351105,1.6893328428268433,0.4553305927297303,0.2867324871065625,8.834300994873047,10.813165664672852,9.853457663343361,0.2352332433209674,8.868300296734946,10.832710212985637,9.888802335224652,0.23863841209467337,30.6609932,76.7355772,0.0,193,B,218.12607861328127
0.0622133873403072,1.1222338676452637,0.6051004450845042,0.22214930572120112,-0.2344966232776641,1.5290136337280271,0.26974758334078625,0.21573811319903263,9.298508644104004,10.372885704040527,9.863498668080753,0.16284503962169208,9.347855132596202,10.38923371403311,9.890513053542508,0.16637179672108376,30.66099430696001,76.73557595466998,0.0,194,B,220.12607861328127
-0.1459621787071228,1.2083754539489746,0.5796085948539521,0.2702463428340416,-0.7034898400306702,1.557727575302124,0.42848882664458277,0.40204877396932415,8.846264839172363,10.571490287780762,9.856011667399827,0.28614778841280974,8.914829836921891,10.635479998434889,9.89412121945184,0.2888545304839671,30.660996329263874,76.73557460078278,0.1936775546946606,193,B,222.12607861328127
0.1363908946514129,0.976271629333496,0.5810219708038735,0.2231462057674339,-0.9475577473640442,0.763310432434082,0.23287247562264649,0.3319432201160474,9.425328254699709,10.26760196685791,9.864777090635942,0.15078133515430028,9.443072141801128,10.275497866030703,9.892681716170639,0.1523390051779255,30.660998,76.7355738,0.0,193,B,224.12607861328127
0.1914258152246475,0.9571290612220764,0.5803896700625593,0.2155865607275318,0.1842473447322845,0.4713860750198364,0.3343132777535236,0.06647255614536417,9.580862045288086,10.164710998535156,9.853904027395298,0.10904445599601258,9.595142004488062,10.183688283344393,9.87915795527798,0.11431129363711653,30.660998,76.7355738,0.0,193,B,226.12607861328127
0.1076770201325416,1.0408778190612793,0.5757280048851522,0.23290299393739272,0.1363908946514129,0.5072783827781677,0.3350447612414088,0.06850050849653741,9.597611427307127,10.162318229675291,9.855478548633002,0.10815226885970246,9.614317253484126,10.188612585205066,9.880871321515407,0.11484822755620182,30.660998,76.7355738,0.0,193,B,228.12607861328127
0.0861416161060333,1.0480563640594482,0.5828444825321282,0.24397569753374948,0.1363908946514129,0.4833501875400543,0.33438766604878123,0.07255839556367143,9.561718940734863,10.26042366027832,9.857164674472315,0.12258079489627274,9.580988215961543,10.307142790578856,9.883226756474325,0.12985382100591308,30.660998,76.7355738,0.0,193,B,230.12607861328127
0.1603191196918487,1.0049854516983032,0.57850516761214,0.23287193990372151,0.1698904037475586,0.5264210104942322,0.33591262525227406,0.06893388953903114,9.159725189208984,10.794022560119627,9.853631232068947,0.19244258464079353,9.175332123823859,10.835567963396874,9.879219444902914,0.19644975876629964,30.660998,76.7355738,0.0,193,B,232.12607861328127
-0.9810572862625122,1.4979069232940674,0.5485390953507294,0.4001287519790517,-0.122033953666687,3.0412776470184326,1.2754240620862016,0.7276438687602983,6.278766632080078,13.529019355773926,9.814837774464504,0.923514991595301,6.929147059060297,13.84120459455166,9.946855137487313,0.9279890342995889,30.661001251337304,76.73557220892005,0.5326658852778867,193,B,234.12607861328127
-0.2703889608383178,1.3591232299804688,0.5411374601704392,0.29576799470734766,-0.6699903607368469,3.541377544403076,1.2481855624862055,1.0038102398940534,7.3986077308654785,12.06939697265625,9.797554895667831,0.9350612147007062,7.5079988835500675,12.412578103730953,9.942173872708116,0.982604064366942,30.66103084170601,76.73555314419033,2.7435723845945823,193,B,236.12607861328127
-0.2679961323738098,1.397408366203308,0.5181707285349452,0.3250260915023061,-1.4811571836471558,4.120440483093262,0.8057830216033229,1.2008023379565533,7.994420528411865,12.17946720123291,9.852708968023459,0.7601551640239611,8.085268833526788,12.350947846726884,9.971510659396332,0.8294820361655296,30.661080977135946,76.7355187003606,3.5068058188611397,192,B,238.12607861328127
-0.576670229434967,1.7587246894836426,0.4316208027675268,0.35653710531824684,-1.3902299404144287,3.85483717918396,0.6521428426386807,0.9535481731110547,7.89631462097168,11.897113800048828,9.857380871920242,0.6821391707508777,7.924284674403957,12.404429619040737,9.938788831806901,0.7083132708207973,30.66115010677912,76.73547147990352,4.897796791135603,194,B,240.12607861328127
-0.4187439680099487,1.6630117893218994,0.5995818452977146,0.4028627976441034,-1.4141582250595093,1.155733346939087,-0.17719285655766726,0.4857654867533127,8.434700012207031,11.062019348144531,9.879357204536083,0.5573202078228623,8.481172631123217,11.09043095201005,9.919416661001831,0.5537507867064391,30.661225579569926,76.73541857966163,4.5951731019203,193,B,242.12607861328127
-0.1268195956945419,1.6319050788879397,0.5426473107969892,0.33015672624518627,-1.308874011039734,1.1437692642211914,6.231330917216837e-05,0.476087179546712,8.252845764160156,12.227323532104492,9.858641187349955,0.5908312505024146,8.263912692684281,12.246335438812501,9.890661213869167,0.5889286494636933,30.66128649570644,76.73537624877873,3.548170099714354,192,B,244.12607861328127
-0.3349951803684234,1.284945726394653,0.4493671329885026,0.3204268013445795,-1.643869161605835,3.625126361846924,0.4979922637956246,0.9757986680577235,8.293522834777832,11.598011016845703,9.86532260716888,0.6829674429137931,8.333185893665341,11.70680393323684,9.938366036841774,0.7243608768847563,30.661336236286267,76.73534196303233,3.2238444315865356,193,B,246.12607861328127
-0.3182454109191894,1.5481562614440918,0.546270251566052,0.3824365358201199,-1.8400806188583372,0.7920243144035339,-0.5355211456711622,0.6013603442627005,8.097311973571777,11.277373313903809,9.898933726888863,0.549813926836224,8.200774474149744,11.307443289965695,9.953787233537268,0.5535251085003117,30.66138596588481,76.73530738155267,2.79209376747694,193,B,248.12607861328127
-0.4953143000602722,1.6271194219589231,0.47997790505540183,0.4022718343258161,-2.998206853866577,3.397808074951172,0.4505449490213931,0.8829844630333651,7.018148899078369,11.98325538635254,9.860202198819175,0.598068907064786,7.315518339531689,12.425141028711579,9.928352460092697,0.6196329384786561,30.66141738574847,76.73528610688818,1.741520148181794,193,B,250.12607861328127
-0.976271629333496,1.7515461444854736,0.40960660345196104,0.48558282296464,-0.7417750358581543,4.074976921081543,1.296599922447171,1.2821613618712169,6.45822811126709,13.76351547241211,9.818693581022746,1.260831862986251,6.4838520260232615,14.302081718725457,9.995610394756486,1.3464363428287165,30.66145189500969,76.735263046691,2.599593285062451,193,B,252.12607861328127
-0.3708875179290771,1.765903115272522,0.5945854294186197,0.4134252564275778,-1.7204394340515137,3.90987229347229,0.6999068253557801,1.2967570453035149,7.798209190368652,12.067004203796388,9.82816565469139,0.8369706432987589,7.842366804201823,12.109619463882673,9.959582360412849,0.8921770419628849,30.661509927170297,76.73522302258198,4.6095642809331245,193,B,254.12607861328127
-0.4402793645858764,1.761117458343506,0.7018781129652006,0.4650725556156891,-2.0243279933929443,1.454836130142212,-0.40454819944079173,0.6499085215168395,8.104490280151367,11.475976943969728,9.868434510700443,0.6381498618207044,8.167708271781276,11.51463927350347,9.934436900003186,0.6286208057627711,30.66157481258868,76.7351783941156,3.654705852143124,193,B,256.12607861328127
-0.9188438653945924,1.7515461444854736,0.37579713640806933,0.4901341193772414,-1.887937068939209,4.328616142272949,0.6703994762275484,1.1582976143918435,7.604390144348144,12.23210906982422,9.868508894826464,0.823996388299323,7.861965412762421,12.463301459212193,9.973610776488838,0.8752540763957,30.66162556697691,76.73514544772675,3.039999961853028,193,B,258.12607861328127
-1.007378339767456,2.062613010406494,0.4157560325982869,0.5913103467801001,-1.9286150932312007,3.622733592987061,0.6994480936923136,1.1595755810803672,6.625725746154785,12.811172485351562,9.843725204467773,1.0458614080641044,6.82881928331245,12.85028040541605,9.960011529721415,1.0711052621601442,30.661683591952965,76.73510271189977,4.307984401290283,193,B,260.12607861328127
-1.1748759746551514,2.091326951980591,0.567086634116929,0.5211409737831122,-2.6153552532196045,1.557727575302124,-0.4185836208544998,0.8665719161026088,7.747959613800049,12.67717456817627,9.889560647846498,0.8721739628985045,7.759678760296289,12.775347524765355,9.967036201451942,0.861174132515396,30.66174766236645,76.7350557170861,4.162227898236797,194,B,262.12607861328127
-0.3732803463935852,1.241874933242798,0.45084250107325535,0.32606670585898967,-2.280359983444214,2.4646072387695312,0.2925814588848559,0.7733267877211016,8.346165657043457,11.662617683410645,9.86570696262498,0.5842025566248206,8.415911288790866,11.823068605281666,9.915634817262474,0.5889561599814801,30.661796136567524,76.73502133424732,2.602256858285926,193,B,264.12607861328127
-0.6173482537269592,1.3806586265563965,0.4527517994769265,0.3700318307644946,-1.8137595653533936,3.9218363761901855,1.1120178322850636,1.3667763298797697,7.977670669555664,12.287144660949709,9.813548369728839,0.911739977293602,8.015557613907582,12.727842711121973,9.978754303440297,1.0040084091892578,30.66184108017767,76.73498969768896,3.267013332540306,193,B,266.12607861328127
-0.4331009089946747,1.8783657550811768,0.5205567067252578,0.38868188192791725,-1.0887342691421509,3.407379388809204,0.9581209015501712,0.9837043338493157,7.676175117492676,11.870793342590332,9.81419305356673,0.7804251129714393,7.752052573708508,12.11724320421705,9.928196508711125,0.8161406145555345,30.66190649403532,76.73494263394943,4.828048468327879,193,B,268.12607861328127
-0.2105683982372284,1.5936198234558103,0.7028203623929095,0.34577036254088944,-1.4452649354934692,1.545763373374939,0.08583166375346096,0.5564893380586134,7.848458290100098,11.636296272277832,9.853197325078934,0.7225880263907835,7.9799673874074015,11.6926871802117,9.900673371358069,0.7175366470004177,30.661983657845543,76.7348872685761,5.1738135022196925,193,B,270.12607861328127
-0.4642075896263122,1.6534404754638672,0.6491492252731744,0.3774293636676639,-1.1629117727279663,3.438486099243164,0.7328856209235102,1.0828314691380283,7.975277900695801,11.13619613647461,9.825958795498073,0.6097955634627996,8.163605007755525,11.45730415994397,9.93866957262377,0.6462638558597608,30.66206502768157,76.73483049918366,5.582569205456805,193,B,272.12607861328127
-0.0334995165467262,1.4572290182113647,0.6414252461218927,0.29638214289210674,-1.5026925802230835,1.323230862617493,-0.07513215204633271,0.5020317561722151,8.080561637878418,11.619546890258787,9.83833205761687,0.5631897143282245,8.153302136713194,11.647945433188514,9.877034917324824,0.5577553385378256,30.662148983394335,76.7347732386942,5.095215637187851,193,B,274.12607861328127
-0.3206382393836975,1.4691931009292605,0.6189518095803549,0.31480307130095403,-1.9262222051620483,1.1988041400909424,-0.5214098357834429,0.5506315103720857,7.568498134613037,11.365907669067385,9.880578532892995,0.5770681238957007,7.65374061164566,11.391563019754143,9.93444072934226,0.5683245136519378,30.662219893453585,76.73472505305918,4.15613178223058,191,B,276.12607861328127
-0.1387837082147598,1.3615161180496216,0.597226214957052,0.2934807739860264,-1.5912270545959473,1.8687944412231443,0.29203594460060406,0.6582882783817727,8.37966537475586,11.492727279663086,9.874534374691661,0.5389723763245513,8.49264479995897,11.57396476429451,9.922904197635129,0.5425229865068395,30.662268697805683,76.7346914784323,2.73615584516429,193,B,278.12607861328127
-0.4115654826164245,1.4069796800613403,0.6952575569576704,0.336604271971732,-2.421536445617676,2.4885356426239014,-0.6923936079955935,1.110830799875481,8.432307243347168,11.16012477874756,9.886647268898129,0.5271623458061133,8.444453409334242,11.189860259393079,10.002422766953634,0.5341091932702209,30.662312465323286,76.73466087640017,2.635906198534452,193,B,280.12607861328127
0.0478564538061618,1.2323036193847656,0.678315883387149,0.2410473332242584,-2.3186452388763428,1.215553879737854,-0.07536158093356903,0.9776994313009777,9.042476654052734,10.494919776916504,9.859440705210892,0.2033409442643845,9.079019210577588,10.55968513018136,9.93361476684768,0.2302347137300848,30.662328093261557,76.73464919946086,0.15363879229506933,194,B,282.12607861328127
0.2344966232776641,1.0552347898483276,0.651393273874268,0.2272217497050765,0.1938186287879943,0.5120640397071838,0.3393096896033213,0.06410502033023001,9.650253295898438,10.04267692565918,9.850246582624209,0.07735147405893775,9.663181483323397,10.101788464305315,9.88034297622537,0.0857152324319834,30.6623292,76.7346487,0.0,193,B,284.12607861328127
0.2392822653055191,1.031306505203247,0.6522115415705301,0.2236549824594147,0.1794617027044296,0.5168496966362,0.3385906023373876,0.06299486218227,9.657432556152344,10.04267692565918,9.850308531924233,0.07830689886576793,9.670468375554774,10.07773583091989,9.88033482017178,0.08779168867079024,30.6623292,76.7346487,0.0,193,B,286.12607861328127
0.2033899277448654,1.0289137363433838,0.6458885401024101,0.23690772346871736,0.1268195956945419,0.5647061467170715,0.3396196401644247,0.061042223771550504,9.523433685302734,10.159924507141112,9.847630614443764,0.10075858063874327,9.541014325186923,10.196510918583519,9.877560633890285,0.11019012054848525,30.6623292,76.7346487,0.0,193,B,288.12607861328127
0.244067907333374,1.0552347898483276,0.6556334042300781,0.23149090434558575,0.1986042857170105,0.4642075896263122,0.3382229891916116,0.055662498417120905,9.643074989318848,10.138389587402344,9.85257183512052,0.09022362014988725,9.654474237400185,10.191883942874675,9.88292775234054,0.09993704791037998,30.6623292,76.7346487,0.0,192,B,290.12607861328127
0.2081755697727203,1.062413215637207,0.6439544452750003,0.2465284443871944,-0.1818545162677765,1.0504491329193115,0.3390369326686921,0.0873945802839053,8.872586250305176,10.454241752624512,9.845994054962317,0.1408541938401001,8.887215386391654,10.548669710651982,9.876188656312978,0.14957912637892382,30.6623292,76.7346487,0.0,193,B,292.12607861328127
0.1962114572525024,1.074377417564392,0.6469175800140657,0.24235035032120691,0.1387837082147598,0.576670229434967,0.33862779579014357,0.0619941727417027,9.370293617248535,10.736595153808594,9.856135635178324,0.13852818983334977,9.382289768048134,10.769370046408975,9.886204094131056,0.14600149576141136,30.6623292,76.7346487,0.0,193,B,294.12607861328127
0.2057827413082122,1.0887342691421509,0.6542324226909351,0.24161761987531405,0.1914258152246475,0.5000999569892883,0.3388385645311731,0.05354949979587837,9.626325607299805,10.05703353881836,9.85193270846352,0.08444027571997026,9.633656523073647,10.107505648359556,9.882440866673644,0.0956505506095117,30.6623292,76.7346487,0.0,193,B,296.12607861328127
0.2225325107574463,1.155733346939087,0.6514304664005269,0.2477434545272198,0.1890329867601394,0.5838487148284912,0.34079745411872864,0.06380505075216313,9.614361763000488,10.12881851196289,9.852974145523625,0.10040416960843192,9.62215552508281,10.143860982753207,9.883569234360964,0.11041811570734383,30.6623292,76.7346487,0.0,193,B,298.12607861328127
-0.1052841991186142,1.3208380937576294,0.6357097451531671,0.2822811138450346,-0.3254238665103912,1.947757601737976,0.5367485536503668,0.4082996255296931,8.50169849395752,11.157732009887695,9.841171180646036,0.32229166257663155,8.53996823599709,11.241604823456889,9.8886195619711,0.32610179778218096,30.6623292,76.7346487,0.0,193,B,300.12607861328127
0.1459621787071228,0.9595218896865844,0.6487400930162539,0.18657834589226588,-0.6005984544754028,1.5170495510101318,0.17411814149049318,0.45066695043727634,8.973084449768066,10.372885704040527,9.855428918038008,0.21840322243504143,8.991948458400321,10.428419152055257,9.890183681894984,0.22480853921321453,30.662334239629295,76.73464376091287,0.4176547594830792,193,B,302.12607861328127
0.2177468538284301,1.0097711086273191,0.635635357292205,0.22138568625402336,0.1339980661869049,0.727418065071106,0.3690278032128675,0.09082857984860333,9.65503978729248,10.114460945129396,9.84891997223691,0.0940001072709378,9.67442295037928,10.166993230846375,9.87916280211598,0.0983780918779529,30.6623345,76.7346437,0.0,193,B,304.12607861328127
0.244067907333374,1.0360921621322632,0.637507462130927,0.224211649507535,0.1651047617197036,0.5120640397071838,0.36440333268494185,0.06978209948647544,9.645467758178713,10.100104331970217,9.851288019684313,0.07720981245377363,9.67387919312975,10.123994102409313,9.881336350050788,0.08587722287028372,30.6623345,76.7346437,0.0,193,B,306.12607861328127
0.1339980661869049,1.0887342691421509,0.6379537920568891,0.23873885224408117,0.1722832322120666,0.5407779216766357,0.3635974586627644,0.06653707119641611,9.621540069580078,10.116853713989258,9.853668420425969,0.09665085800543825,9.634506786295837,10.175977734793372,9.884001885564798,0.10602371604844038,30.6623345,76.7346437,0.0,193,B,308.12607861328127
0.1555334776639938,1.1054840087890625,0.6354369887107395,0.22790900037143355,0.229710966348648,0.5359922647476196,0.36368424595946475,0.06275227171597456,9.561718940734863,10.124032974243164,9.851709519025576,0.11501447559355707,9.587846806461823,10.167087505496228,9.881635224334424,0.1209166137677129,30.6623345,76.7346437,0.0,193,B,310.12607861328127
0.1483550071716308,1.0097711086273191,0.6363668420926277,0.22140331757175732,0.1531406491994857,0.5479564070701599,0.3647132837865019,0.08616176015866933,9.549755096435549,10.186245918273926,9.852044283417223,0.10859028518506444,9.56062872415815,10.23779639647307,9.88210947277739,0.11358959250120167,30.6623345,76.7346437,0.0,193,B,312.12607861328127
0.1124626621603965,1.100698471069336,0.6404953915915341,0.24643505839514102,0.1244267746806144,0.5982056856155396,0.3647504789764399,0.11605895269935937,9.518648147583008,10.22931671142578,9.84852327336919,0.13958588206186578,9.527034971780687,10.266660820025008,9.879707409626471,0.1474908872060821,30.6623345,76.7346437,0.0,193,B,314.12607861328127
0.1052841991186142,1.1126625537872314,0.6357593399718635,0.24716484753431264,0.0957129076123237,0.6173482537269592,0.3663374275509558,0.12167974789656866,9.523433685302734,10.210174560546877,9.84570888657644,0.14676759546069823,9.532229258861673,10.25987834992402,9.87671839611961,0.15571577354596333,30.6623345,76.7346437,0.0,193,B,316.12607861328127
0.0981057286262512,1.1820544004440308,0.6419335654671328,0.2595674418546283,0.0765703245997428,0.6221339106559753,0.3643041481239808,0.12794668079685748,9.533005714416504,10.19581699371338,9.845138584393911,0.15839929483391377,9.54752770665364,10.247762500970904,9.87683597584878,0.16881058472884675,30.6623345,76.7346437,0.0,193,B,318.12607861328127
0.1124626621603965,1.1437692642211914,0.6338376381622695,0.2535703389830812,0.1076770201325416,0.7154539823532104,0.3658663016295186,0.1255793604879113,9.487542152404783,10.279565811157228,9.840464493153627,0.1666036327914894,9.498131648453207,10.340457301607879,9.871557856568117,0.17470000205088881,30.6623345,76.7346437,0.0,193,B,320.12607861328127
0.114855483174324,1.1389836072921753,0.637197511029367,0.2530901770481515,0.0981057286262512,0.6364908218383789,0.36462649691444604,0.1216378660268028,9.432506561279297,10.202995300292969,9.836410354456136,0.16767342950061156,9.439040855494024,10.241694445661686,9.867606609217793,0.17676652516141395,30.6623345,76.7346437,0.0,193,B,322.12607861328127
0.0550349205732345,1.1940184831619265,0.6371692006581837,0.26333343370918955,-0.0071784676983952,0.763310432434082,0.36618820325826706,0.14452094441812455,9.090332984924316,10.526026725769045,9.830566489819399,0.23030046223972855,9.11666345664631,10.585801322596037,9.862388276855462,0.23808082948728448,30.6623345,76.7346437,0.0,194,B,324.12607861328127
