latitude,longitude,event_type,severity,avg_severity,confidence,n_detections,total_duration,max_gyro_peak,max_accel_z,max_accel_x,max_dip,max_bump,is_dip,accel_z_std,avg_speed,est_size_m,route
30.6489251,76.7394701,Minor Anomaly,1.2725608,1.2725608,0.2,1,0.031070709228515625,0.07942178100347519,1.1931390762329102,0.5490514039993286,1.1931390762329102,0.5071802139282227,True,0.7570651173591614,4.200290203094482,0.1305059955757315,A
30.649546132727277,76.74060712727272,Minor Anomaly,10.0,4.114206,0.95,55,1.5224609375,0.6538233160972595,9.445700645446777,2.709338426589966,9.445700645446777,9.281492233276367,True,1.937165360965512,8.16697811646895,1.1953925093257567,A
30.6500037,76.7414665,Minor Anomaly,2.4537156,2.4537156,0.2,1,0.010356903076171875,0.14255362749099731,2.311161994934082,0.9372854232788086,2.311161994934082,1.2033004760742188,True,2.485100269317627,9.576557159423828,0.09918347430357244,A
30.6507182,76.7425958,Minor Anomaly,0.25687256,0.25687256,0.2,1,0.010356903076171875,0.09286476671695709,0.3210906982421875,0.25626441836357117,0.0,0.3210906982421875,False,0.08054701238870621,8.873394012451172,0.09190088174364064,A
30.65161492380952,76.74337435,Minor Anomaly,10.0,2.4927819,0.95,42,1.9471435546875,1.6613616943359375,14.794174194335938,2.5284652709960938,9.702308654785156,14.794174194335938,True,1.1744737599399828,5.765997466586885,1.956283784522384,A
30.652772339655172,76.74227215862068,Minor Anomaly,8.045599,1.383755,0.65,58,0.8699722290039062,0.3781508207321167,5.248723983764648,1.4925698041915894,4.09054708480835,5.248723983764648,True,0.8600815611827219,7.028353937740984,1.1254732969246106,A
30.653558630379738,76.7417522329114,Minor Anomaly,9.166554,2.615189,0.85,79,2.5892791748046875,0.5375139117240906,5.362133979797363,2.4087793827056885,4.437437534332275,5.362133979797363,True,1.3524372641798816,5.614248402511017,2.1539797460718546,A
30.65427229767442,76.7408751976744,Minor Anomaly,10.0,4.1537676,0.85,43,1.8124008178710938,0.8440935611724854,10.758878707885742,2.5670716762542725,10.758878707885742,8.898689270019531,True,2.258073868100033,8.15543847860292,2.7701927222369704,A
30.65963347511737,76.73652181267605,Minor Anomaly,5.439382,1.045175,0.7,213,10.015547037124634,0.3255690634250641,2.7954583168029785,2.7909348011016846,2.7954583168029785,2.2127647399902344,True,0.5626911717453893,4.831578765116947,3.63473789303589,B
30.661656581218267,76.73511920101522,Minor Anomaly,6.2533145,1.375664,0.65,197,8.576065063476562,0.1916281282901764,3.905080795288086,1.6421326398849487,3.3912129402160645,3.905080795288086,True,1.0039251207511135,3.915922860808784,3.8243851291481405,B
30.6624618,76.7345499,Minor Anomaly,1.7176824,1.3690122,0.2,3,0.031073570251464844,0.2651256024837494,1.5256710052490234,0.44752565026283264,1.5256710052490234,0.9013376235961914,True,1.2262502908706665,3.4598186016082764,0.03595302443386572,C
30.662975133333333,76.73418366666668,Minor Anomaly,2.1128855,1.2864594,0.5,3,0.12429237365722656,0.4689616560935974,1.408590316772461,0.8929141759872437,0.7508478164672852,1.408590316772461,True,0.6790362348159155,2.9710214932759604,0.42413875309648574,C
30.66350282608697,76.7337847,Minor Anomaly,10.0,4.289812,0.85,23,0.5800323486328125,0.6658889651298523,7.688359260559082,2.341320037841797,6.88823938369751,7.688359260559082,True,2.042466465545737,9.798691956893258,0.6094801215040206,C
30.6640095,76.7333924,Minor Anomaly,2.050885,2.050885,0.2,1,0.010356903076171875,0.21930217742919922,2.5636062622070312,0.6394468545913696,2.5416464805603027,2.5636062622070312,False,3.6099588871002197,12.985679626464844,0.13449142526951618,C
30.665541666666666,76.7321008,Pothole,5.8493485,4.351551,0.6,3,0.21750640869140625,0.7166098952293396,2.9163808822631836,2.103879928588867,2.1431427001953125,2.9163808822631836,True,1.6081756750742595,7.160523732503255,0.6037380787311122,C
30.666009211538462,76.73173459230769,Minor Anomaly,10.0,3.1511483,0.95,26,0.5074996948242188,0.7080546021461487,9.868542671203613,2.0048248767852783,7.895441055297852,9.868542671203613,True,2.2229308508909664,8.202889845921444,1.582793177003623,C
30.666724097560973,76.73118699024391,Pothole,10.0,4.574172,0.95,41,2.80694580078125,2.410837173461914,38.148895263671875,6.986394882202148,11.028358459472656,38.148895263671875,True,2.8453171625733376,10.11649085254204,5.305381910511642,C
30.6674653,76.7306294,Minor Anomaly,2.0944254,2.0944254,0.2,1,0.01035308837890625,0.2179209142923355,1.8765044212341309,0.4007583260536194,1.8765044212341309,0.2582569122314453,True,1.5095041990280151,13.023292541503906,0.13483129866654053,C
30.667826614285712,76.73037988571427,Road Bump,8.346655,3.617723,0.6,7,0.082855224609375,0.4291563630104065,5.564436912536621,1.1613496541976929,2.716752529144287,5.564436912536621,True,1.554404616355896,14.358056885855538,0.30473317761789076,C
30.66832951875,76.73000910625,Pothole,10.0,5.8946056,0.95,16,0.27965545654296875,0.756571888923645,7.567018508911133,1.932021141052246,7.567018508911133,7.343374252319336,True,2.2148291668854654,14.988490521907806,0.9220739422380575,C
30.6686926,76.7297294,Minor Anomaly,1.9625862,1.9625862,0.2,1,0.0103607177734375,0.22059021890163422,2.453232765197754,0.6532121896743774,0.8326377868652344,2.453232765197754,False,2.3234612941741943,15.418306350708008,0.15974472064408474,C
30.6691899,76.72935583,Pothole,7.8283353,4.204667,0.7,10,0.10359954833984375,0.3556092083454132,5.673575401306152,2.428699493408203,4.222535133361816,5.673575401306152,True,2.9863774701952934,17.02135601043701,0.18119970310362987,C
30.669837,76.7288694,Pothole,7.50716,6.399307,0.7,2,0.03106689453125,0.25345316529273987,3.759078025817871,1.0753982067108154,3.759078025817871,3.5276355743408203,True,1.7030306458473206,17.192172050476074,0.3559087492612889,C
30.670096599999997,76.7286668,Pothole,10.0,8.389363,0.85,7,0.29001617431640625,0.5469630360603333,13.246842384338379,3.1018619537353516,10.466472625732422,13.246842384338379,True,6.8355622972760886,16.485110146658762,1.5328513356798794,C
30.6704526,76.7283962,Minor Anomaly,8.640522,5.9650216,0.6,4,0.08286285400390625,0.29043468832969666,6.424783706665039,3.123021125793457,3.620637893676758,6.424783706665039,True,3.1647363901138306,15.900582551956177,0.6587939981545787,C
30.670871181818185,76.72807378181818,Pothole,10.0,4.9743977,0.7,11,0.1346588134765625,0.4829498529434204,7.994767665863037,2.290201425552368,7.994767665863037,3.747133255004883,True,2.4602624882351267,15.32297047701749,0.3215064109826926,C
30.67378110106383,76.7257992180851,Minor Anomaly,10.0,3.2735868,0.95,188,8.93873518705368,2.0488061904907227,32.174869537353516,4.544564247131348,25.846492767333984,32.174869537353516,True,1.7360822172993993,8.14969118351632,2.9034176924742496,D
30.67582886326531,76.72405128367348,Minor Anomaly,10.0,2.3541968,0.7,49,1.2947120666503906,0.3165203630924225,5.706455707550049,3.5058577060699463,5.706455707550049,4.280879020690918,True,1.4407835722121658,9.770843359888817,1.8775475375005044,D
30.676662513636362,76.72336825909092,Minor Anomaly,10.0,3.3822083,0.7,44,1.1186370849609375,0.495327889919281,6.480894088745117,2.7019596099853516,6.480894088745117,5.412561416625977,True,1.625535623593764,11.863472873514349,1.9878212896728655,D
30.677260424999997,76.72286304000001,Minor Anomaly,9.724391,4.158125,0.7,20,1.0150604248046875,0.3505314290523529,5.709571838378906,2.157374858856201,5.383318901062012,5.709571838378906,True,1.887111847102642,9.66059980392456,1.6452120571775595,D
30.678164175,76.72208632499999,Minor Anomaly,1.8181245,1.3622952,0.2,4,0.0621490478515625,0.260946661233902,1.6746702194213867,0.7546855807304382,1.6746702194213867,1.4797191619873047,True,1.0625175759196281,2.288223683834076,0.049015151020284975,D
30.67851056470588,76.7218039764706,Minor Anomaly,6.9675293,2.674821,0.7,17,0.31060791015625,0.3973141014575958,3.5296006202697754,2.4383232593536377,3.5296006202697754,3.378329277038574,True,1.674880862236023,2.9275823621188892,0.18937394389649853,D
30.690488344000002,76.71174855,Pothole,10.0,3.7299128,0.95,50,1.9369544982910156,2.461787462234497,12.44764518737793,11.126455307006836,9.747234344482422,12.44764518737793,True,1.4032930472493172,2.954025459289551,1.0213972376659513,E
30.6915075,76.7124305,Road Bump,2.8568416,2.8568416,0.5,1,0.01038360595703125,0.24079735577106476,1.9045610427856445,0.22585146129131317,0.0,1.9045610427856445,False,1.214746356010437,3.462249755859375,0.0359506371896714,E
30.6916897125,76.71272708750001,Minor Anomaly,7.143016,2.3961105,0.6,8,0.11395263671875,0.2942672073841095,3.62192440032959,1.4981720447540283,3.62192440032959,2.477330207824707,True,1.4946541843819432,2.9305687844753265,0.16161200462374836,E
30.692827656410266,76.71351152051281,Minor Anomaly,10.0,3.3000934,0.95,39,7.2402496337890625,0.7567713856697083,7.680943489074707,7.54912805557251,7.218305587768555,7.680943489074707,True,1.3531195269345353,4.220412761737139,4.737585840302927,E
30.693517955555553,76.71307272222222,Pothole,10.0,6.913453,0.95,9,0.2589569091796875,0.8640961647033691,41.952491760253906,2.7422842979431152,25.047889709472656,41.952491760253906,True,8.261764228343964,7.650528377956814,0.5691739583853632,E
30.69382535,76.712810575,Pothole,10.0,7.5710635,0.7,4,0.10357666015625,0.3522498309612274,7.81846809387207,1.0759538412094116,7.81846809387207,4.580461502075195,True,4.267441987991333,6.55811607837677,0.4141802826707135,E
30.6942884,76.7124394,Pothole,7.52764,4.567383,0.7,2,0.155364990234375,0.34057703614234924,3.781294822692871,1.6208970546722412,3.781294822692871,1.9048986434936523,True,1.2913877367973328,5.961498260498047,0.8615965072531253,E
30.69642207692307,76.71066795384617,Pothole,10.0,8.986023,0.95,13,0.6215057373046875,1.57064950466156,38.35028076171875,5.242832660675049,14.513688087463379,38.35028076171875,True,7.7740668923808975,9.3453735938439,1.151243164378684,E
30.69750804285714,76.70973748571429,Minor Anomaly,6.483316,3.00574,0.6,7,0.072540283203125,0.29918918013572693,3.7979297637939453,1.4830859899520874,3.5304059982299805,3.7979297637939453,True,1.6028262632233756,10.078114645821708,0.11235985023085959,E
30.69917321551724,76.70878642758619,Pothole,10.0,4.554299,0.95,58,6.50482177734375,7.273996353149414,28.94207191467285,24.32741928100586,28.94207191467285,25.873958587646484,True,3.4149245746305277,5.822513888622153,5.258676878584083,E
30.700447024137933,76.70789727931033,Pothole,10.0,7.713217,0.95,29,1.12896728515625,6.182036876678467,39.325050354003906,8.489361763000488,22.086816787719727,39.325050354003906,True,8.628335739646491,9.383000209413726,4.145762208558153,E
30.70138266,76.70710942,Minor Anomaly,10.0,5.3307405,0.7,5,0.07244873046875,0.32132840156555176,13.26375961303711,2.0761919021606445,13.26375961303711,7.66158390045166,True,3.714101183414459,6.719325828552246,0.1951780842791777,E
30.702170926315787,76.70645532105264,Pothole,10.0,4.9146028,0.85,19,0.880401611328125,0.8265710473060608,7.2989349365234375,5.754611968994141,4.668314456939697,7.2989349365234375,True,1.8649241861544157,6.675629540493614,1.2383069464412984,E
30.702898899999994,76.7058359,Pothole,10.0,6.6603575,0.95,15,0.890777587890625,1.9397262334823608,31.85576629638672,4.560934066772461,12.519173622131348,31.85576629638672,True,3.9332201878229776,9.379742622375488,3.751976409344934,E
30.703381478571433,76.70541422142857,Pothole,10.0,6.4627504,0.95,28,1.294830322265625,4.24898624420166,43.97072982788086,19.77985954284668,17.392568588256836,43.97072982788086,True,3.248305848866169,7.327214053698948,3.4046683853375725,E
30.704078400000004,76.7048316857143,Pothole,10.0,4.8508787,0.85,7,0.145050048828125,0.5125688314437866,25.261764526367188,1.6778125762939453,11.40746021270752,25.261764526367188,True,4.276577898434231,7.176057066236224,0.3713946117059095,E
30.7046501,76.70434583333333,Minor Anomaly,6.724542,2.8699884,0.6,3,0.248626708984375,0.36796826124191284,3.2193493843078613,1.3263583183288574,3.2193493843078613,0.7090978622436523,True,0.5335402488708496,2.389498551686605,0.43297730430640513,E
30.710705195454548,76.71272840454547,Pothole,10.0,4.8977385,0.95,22,0.40396976470947266,0.5815925002098083,6.183323860168457,2.3745975494384766,6.130244255065918,6.183323860168457,True,2.6075667569583114,8.729410431601785,0.8024666679966685,F
30.71161926666667,76.7119861,Pothole,9.9244,7.493484,0.7,3,0.03107452392578125,0.2678454518318176,5.076662063598633,0.9160595536231995,5.076662063598633,2.8264989852905273,True,3.7502825260162354,11.38028367360433,0.11978289342732751,F
30.712721900000002,76.7110627,Pothole,8.216026,4.536748,0.7,7,0.1139373779296875,0.36174723505973816,4.53184700012207,1.2225863933563232,4.53184700012207,3.608574867248535,True,1.4052629981722151,11.688702992030553,0.24659880491526565,F
30.713642302727287,76.71029237636363,Minor Anomaly,10.0,4.284267,0.95,110,4.878387451171875,1.4588885307312012,36.002845764160156,4.043590068817139,13.41986083984375,36.002845764160156,True,2.5994647165591065,9.208160946585915,6.385715419699409,F
30.7145432,76.7095368,Pothole,10.0,9.571035,0.95,4,0.25893402099609375,0.6330181956291199,11.141849517822266,3.096193552017212,11.141849517822266,9.723126411437988,True,5.170427739620209,11.921146631240845,1.60228643740993,F
30.7148401,76.70928876666666,Minor Anomaly,6.2488017,4.0227523,0.7,3,0.03106689453125,0.2583635449409485,5.528122901916504,0.9842774868011475,3.9562759399414062,5.528122901916504,True,4.085410277048747,12.471638043721518,0.1294898726773681,F
30.7151709,76.7090096,Hard Braking,4.2174497,2.5100636,0.65,2,0.020721435546875,0.12095829099416733,2.8116331100463867,1.444846749305725,0.0,2.8116331100463867,False,0.9467011280357838,11.990490913391113,0.12427996046608314,F
30.7156518,76.7086049,Pothole,9.7988405,9.7988405,0.7,1,0.01035308837890625,0.2944558262825012,4.975876808166504,0.6148189306259155,4.975876808166504,4.783831596374512,True,6.901155948638916,10.215397834777832,0.10576091660914244,F
30.716939312499996,76.7086275225,Pothole,10.0,4.8794794,0.95,80,2.6514205932617188,2.0580482482910156,19.273155212402344,10.182255744934082,16.535614013671875,19.273155212402344,True,2.9633231195090692,8.053187429904938,1.972419088902825,F
30.7176801,76.7097834,Road Bump,2.6720338,2.6720338,0.5,1,0.0103607177734375,0.21178841590881348,1.781355857849121,0.6178947687149048,0.0,1.781355857849121,False,0.6064216494560242,8.672605514526367,0.08985441809636541,F
30.718075512903237,76.71042523870969,Pothole,10.0,5.1473455,0.95,31,0.756072998046875,1.3149616718292236,18.078960418701172,3.2529428005218506,8.405115127563477,18.078960418701172,True,2.344216619528109,8.359886323252033,1.0531845742661972,F
30.718734263333335,76.71149876,Pothole,10.0,6.371427,0.95,30,0.9425811767578125,1.8502211570739746,23.98271942138672,3.9885294437408447,18.217369079589844,23.98271942138672,True,3.8185144305229186,10.004313739140828,1.6505953709129244,F
30.719296742857136,76.71238960714287,Minor Anomaly,6.5520005,3.5615354,0.7,14,0.4246673583984375,0.38187482953071594,9.001607894897461,1.6240425109863281,4.741603374481201,9.001607894897461,True,2.723392529147012,8.597109964915685,1.2626411244636984,F
