t_start,t_end,t_mid,duration,event_type,severity,confidence,dip_magnitude,bump_magnitude,gyro_peak,accel_x_peak,total_z_dev
23.03399999999965,23.077000000004773,23.055500000002212,0.043000000005122274,Speed Bump,8.017391,0.65,6.238114,3.783624999999999,0.06295251259481228,0.398405,6.238114
65.70900000000256,65.7450000000099,65.72700000000623,0.036000000007334165,Speed Bump,8.402158,0.65,5.848682,4.654014999999999,0.4427331698111177,0.24347,5.848682
65.77700000000186,65.84500000000116,65.81100000000151,0.06799999999930151,Speed Bump,10.0,0.65,7.438114000000001,10.252622,0.7412340264484625,2.173281,10.252622
66.2450000000099,66.27599999999802,66.26050000000396,0.030999999988125637,Speed Bump,5.4178295,0.65,3.863836000000001,2.9084509999999995,0.3498022155375806,0.867996,3.863836000000001
81.68400000000838,81.70300000000861,81.6935000000085,0.01900000000023283,Rough Patch,1.1811177,0.3,1.4763970000000004,0.0,0.05157614968180544,0.537787,1.4763970000000004
100.7039999999979,100.74599999999919,100.72499999999854,0.04200000000128057,Road Bump,2.818407,0.5,0.0,1.8789379999999998,0.24564099212672139,0.717847,1.8789379999999998
109.15400000000955,109.19700000000012,109.17550000000483,0.04299999999057036,Pothole,3.5116808,0.71771,2.3916520000000006,0.0,0.3208492601487496,1.185045,2.3916520000000006
120.81600000000617,120.97200000000885,120.89400000000751,0.15600000000267755,Speed Bump,7.636933,0.65,4.864634000000001,4.681531999999999,0.25467108604433286,0.85005,4.864634000000001
129.5,129.5500000000029,129.52500000000146,0.05000000000291038,Speed Bump,5.6614184,0.65,4.199429,2.877343999999999,0.2292674214732656,1.134198,4.199429
261.53600000000733,261.5770000000048,261.55650000000605,0.04099999999743886,Rough Patch,0.5092128,0.3,0.6365160000000003,0.3032649999999997,0.017440274883154794,1.086342,0.6365160000000003
261.9890000000014,262.04400000000896,262.0165000000052,0.055000000007566996,Rough Patch,0.6700112,0.3,0.8375140000000005,0.23147999999999946,0.012775637048695459,0.735793,0.8375140000000005
353.69800000000396,353.72200000000885,353.7100000000064,0.024000000004889444,Speed Bump,2.2147975,0.65,1.5595480000000013,1.2089489999999987,0.04102729761999929,1.047458,1.5595480000000013
392.99199999999837,393.0170000000071,393.00450000000274,0.02500000000873115,Speed Bump,4.338187,0.65,2.8558590000000006,2.5668749999999996,0.17479126497053565,0.614955,2.8558590000000006
393.0590000000084,393.1100000000006,393.0845000000045,0.05099999999220017,Speed Bump,6.8109303,0.65,5.675801000000001,2.8378619999999994,0.17304112803897229,0.416949,5.675801000000001
446.1429999999964,446.25100000000384,446.1970000000001,0.10800000000745058,Speed Bump,2.1693327,0.65,1.5756990000000002,1.135966999999999,0.07748123740622628,0.880559,1.5756990000000002
492.88000000000466,492.9140000000043,492.8970000000045,0.033999999999650754,Rough Patch,0.5872192,0.3,0.7340239999999998,0.0,0.04585833918710969,0.734597,0.7340239999999998
511.474000000002,511.52700000000186,511.5005000000019,0.052999999999883585,Rough Patch,0.474756,0.3,0.5934450000000009,0.17225799999999936,0.01599329312555735,0.870987,0.5934450000000009
568.4230000000098,568.4250000000029,568.4240000000063,0.001999999993131496,Rough Patch,1.0542984,0.3,1.3178730000000005,0.0,0.08650808416558536,0.57667,1.3178730000000005
568.6160000000091,568.6640000000043,568.6400000000067,0.04799999999522697,Road Bump,1.3809195,0.5,0.0,0.9206129999999995,0.07278540020498617,0.140578,0.9206129999999995
570.0369999999966,570.0580000000045,570.0475000000006,0.021000000007916242,Rough Patch,1.1567104,0.3,1.445888,0.0,0.04375810824293025,0.620937,1.445888
586.2100000000064,586.25,586.2300000000032,0.03999999999359716,Speed Bump,2.4904504,0.65,1.378292,1.7347710000000003,0.07359703835073801,0.851845,1.7347710000000003
625.2600000000093,625.3139999999985,625.2870000000039,0.053999999989173375,Speed Bump,4.129534,0.65,3.196238,1.9656789999999997,0.14286977753884827,1.92024,3.196238
637.346000000005,637.4459999999963,637.3960000000006,0.09999999999126885,Speed Bump,8.5462055,0.65,7.430936000000001,3.2518209999999996,0.13924002406635816,0.754936,7.430936000000001
646.0880000000034,646.1469999999972,646.1175000000003,0.05899999999382999,Pothole,9.64443,1.0,6.561743,13.701275999999998,0.8851690914034448,1.113859,13.701275999999998
646.2890000000043,646.3220000000001,646.3055000000022,0.03299999999580905,Speed Bump,10.0,0.65,11.983281,9.047237,0.6525508853361552,0.932004,11.983281
677.823000000004,677.8640000000014,677.8435000000027,0.04099999999743886,Speed Bump,10.0,0.65,9.318873,7.142550999999999,0.26032520982225293,1.574477,9.318873
677.9060000000027,677.9619999999995,677.9340000000011,0.055999999996856786,Speed Bump,8.759645,0.65,5.4574560000000005,5.492101,0.3133170393930084,1.200001,5.492101
680.2930000000051,680.3260000000009,680.309500000003,0.03299999999580905,Speed Bump,8.3619585,0.65,5.219968000000001,5.232479999999999,0.24499065540138468,2.313261,5.232479999999999
758.0200000000041,758.06700000001,758.043500000007,0.04700000000593718,Pothole,10.0,0.95,8.67999,7.189210000000001,1.0363953876204777,4.540979,8.67999
787.1399999999994,787.1790000000037,787.1595000000016,0.03900000000430737,Speed Bump,3.8873792,0.65,2.3581520000000005,2.501071999999999,0.12175931191083497,0.436092,2.501071999999999
787.7880000000005,787.8270000000048,787.8075000000026,0.03900000000430737,Speed Bump,4.766024,0.65,2.6375140000000004,3.320015999999999,0.13651360595193432,0.317647,3.320015999999999
800.9879999999976,801.0210000000079,801.0045000000027,0.033000000010360964,Pothole,3.715312,0.5,2.6536660000000003,0.0,0.26545640023740247,1.377668,2.6536660000000003
876.8000000000029,876.875,876.8375000000015,0.07499999999708962,Speed Bump,3.108755,0.65,2.3043140000000006,1.5816299999999988,0.09196887879603621,0.247059,2.3043140000000006
882.5590000000084,882.601999999999,882.5805000000037,0.04299999999057036,Speed Bump,2.14014,0.65,1.5266460000000013,1.148529,0.04623978894848029,0.272782,1.5266460000000013
918.1370000000024,918.1739999999991,918.1555000000008,0.036999999996623956,Rough Patch,0.9561928,0.3,1.195241000000001,0.943344999999999,0.0248820418374377,0.751346,1.195241000000001
925.7829999999958,925.8510000000097,925.8170000000027,0.06800000001385342,Rough Patch,0.865744,0.3,1.082180000000001,0.927192999999999,0.023621156576255957,0.348754,1.082180000000001
1035.7339999999967,1035.7639999999956,1035.7489999999962,0.029999999998835847,Rough Patch,0.6499112,0.3,0.8123890000000014,0.0,0.03360336164731142,0.248255,0.8123890000000014
1077.517000000007,1077.5559999999969,1077.536500000002,0.03899999998975545,Rough Patch,0.8332016,0.3,1.0415020000000013,0.7573030000000003,0.015727136929524075,0.49352,1.0415020000000013
1078.1440000000002,1078.2060000000056,1078.175000000003,0.062000000005355105,Speed Bump,1.6213768,0.65,0.9876630000000013,1.039057999999999,0.03449714222946591,0.503091,1.039057999999999
1084.070000000007,1084.1129999999976,1084.0915000000023,0.04299999999057036,Road Bump,2.6308694,0.5,0.0,1.753912999999999,0.1384917482776501,0.2668,1.753912999999999
1262.2660000000033,1262.3220000000001,1262.2940000000017,0.055999999996856786,Speed Bump,4.103691,0.65,1.7234560000000005,3.4061579999999996,0.12236456262333471,0.91346,3.4061579999999996
1273.8380000000034,1273.896000000008,1273.8670000000056,0.0580000000045402,Rough Patch,0.684368,0.3,0.8554600000000008,0.5790379999999988,0.018774997017310016,0.547956,0.8554600000000008
1273.9959999999992,1274.047000000006,1274.0215000000026,0.05100000000675209,Rough Patch,0.8939784,0.3,1.1174730000000004,0.7596949999999989,0.023539996792693068,0.998405,1.1174730000000004
1287.843000000008,1287.87000000001,1287.856500000009,0.027000000001862645,Speed Bump,2.8292727,0.65,1.8622390000000006,1.674351999999999,0.03261037430021311,0.820738,1.8622390000000006
1287.9089999999997,1288.0080000000016,1287.9585000000006,0.09900000000197906,Speed Bump,2.625883,0.65,1.2891580000000005,1.9931959999999993,0.11779578245845647,0.588036,1.9931959999999993
1288.267000000007,1288.3470000000088,1288.307000000008,0.08000000000174623,Speed Bump,2.8015168,0.65,1.900525000000001,1.6013710000000003,0.07250449782599697,0.763909,1.900525000000001
1288.4330000000045,1288.4609999999957,1288.4470000000001,0.027999999991152436,Speed Bump,2.283232,0.65,1.6444930000000006,1.2095469999999988,0.09191943044318758,1.021735,1.6444930000000006
1288.6290000000008,1288.6840000000084,1288.6565000000046,0.055000000007566996,Speed Bump,2.2688744,0.65,1.5900560000000006,1.2460369999999994,0.06167391407232072,0.170489,1.5900560000000006
1299.5610000000015,1299.6300000000047,1299.595500000003,0.06900000000314321,Rough Patch,0.6460824,0.3,0.8076030000000003,0.5963849999999997,0.08497990206513538,0.40678,0.8076030000000003
1308.6370000000024,1308.7149999999965,1308.6759999999995,0.07799999999406282,Rough Patch,1.1969104,0.3,1.4961380000000002,0.675946999999999,0.022384903595950554,0.452243,1.4961380000000002
1308.8819999999978,1308.9349999999977,1308.9084999999977,0.052999999999883585,Rough Patch,0.9810776,0.3,1.2263470000000005,0.8631849999999996,0.025250046534610583,0.068195,1.2263470000000005
1323.6790000000037,1323.7109999999957,1323.6949999999997,0.03199999999196734,Rough Patch,0.862872,0.3,1.0785900000000002,0.9068539999999992,0.03461053140302819,0.541974,1.0785900000000002
1323.7829999999958,1323.843000000008,1323.813000000002,0.06000000001222361,Speed Bump,2.0956335,0.65,1.1120900000000002,1.507451999999999,0.0742970332180229,0.649053,1.507451999999999
1323.8840000000055,1323.9300000000076,1323.9070000000065,0.046000000002095476,Speed Bump,2.575156,0.65,2.531034000000001,0.6879109999999997,0.0742970332180229,0.452842,2.531034000000001
1348.3870000000024,1348.4260000000068,1348.4065000000046,0.03900000000430737,Rough Patch,0.5139992,0.3,0.6424990000000008,0.2787379999999988,0.012632350573032716,0.57667,0.6424990000000008
1380.9079999999958,1380.9850000000006,1380.9464999999982,0.07700000000477303,Speed Bump,2.632104,0.65,2.5800860000000005,0.7100439999999999,0.08046437829250905,0.704088,2.5800860000000005
1393.9619999999995,1393.979999999996,1393.9709999999977,0.017999999996391125,Rough Patch,0.7958728,0.3,0.994841000000001,0.6705629999999996,0.031987264137465714,0.384048,0.994841000000001
1399.0910000000003,1399.2100000000064,1399.1505000000034,0.1190000000060536,Speed Bump,4.1587257,0.65,2.3988300000000002,2.7995769999999993,0.28582612234713606,0.745364,2.7995769999999993
1412.9619999999995,1413.078999999998,1413.0204999999987,0.11699999999837019,Speed Bump,7.199525,0.65,5.666229,3.333176999999999,0.20647784948027717,0.982254,5.666229
1434.8530000000028,1434.892000000007,1434.872500000005,0.03900000000430737,Speed Bump,2.6397624,0.65,2.264832,1.034870999999999,0.05765154182673695,0.695115,2.264832
1454.9070000000065,1454.9809999999998,1454.9440000000031,0.07399999999324791,Speed Bump,5.342216,0.65,2.7762980000000006,3.901472,0.15322662615550864,0.765105,3.901472
1455.025999999998,1455.0850000000064,1455.0555000000022,0.0590000000083819,Speed Bump,4.982335,0.65,4.024155,2.2037639999999996,0.1127114204018386,0.547358,4.024155
1484.6959999999963,1484.724000000002,1484.7099999999991,0.02800000000570435,Road Bump,1.6501125,0.5,0.0,1.1000750000000004,0.03857248206947538,0.772283,1.1000750000000004
1508.3899999999994,1508.4820000000036,1508.4360000000015,0.09200000000419095,Rough Patch,0.5149552,0.3,0.643694,0.5575019999999995,0.03073327319046899,0.695713,0.643694
1523.2419999999984,1523.2770000000019,1523.2595000000001,0.03500000000349246,Speed Bump,1.80036,0.65,1.145589000000001,1.1048609999999996,0.03016217473923258,0.360718,1.145589000000001
1524.2200000000012,1524.270000000004,1524.2450000000026,0.05000000000291038,Speed Bump,2.4009583,0.65,1.9268460000000003,1.0743519999999993,0.06403544764425403,0.387637,1.9268460000000003
1552.1000000000058,1552.19200000001,1552.146000000008,0.09200000000419095,Speed Bump,10.0,0.65,9.996640000000001,4.506257,0.26740460333546995,0.215952,9.996640000000001
1662.4760000000097,1662.5109999999986,1662.4935000000041,0.034999999988940544,Speed Bump,2.611048,0.65,1.8024190000000004,1.461390999999999,0.6154205673951757,0.114855,1.8024190000000004
1664.547000000006,1664.5970000000088,1664.5720000000074,0.05000000000291038,Speed Bump,3.4810784,0.65,2.5723100000000008,1.779038,0.37476802428435646,0.881157,2.5723100000000008
1672.4070000000065,1672.4470000000001,1672.4270000000033,0.03999999999359716,Pothole,10.0,0.95,7.030737,10.622911,1.2309949471305721,2.898306,10.622911
1672.49500000001,1672.5409999999974,1672.5180000000037,0.04599999998754356,Pothole,10.0,0.95,6.946988000000001,5.181034,0.8494402635176885,2.769094,6.946988000000001
1678.8280000000086,1678.8530000000028,1678.8405000000057,0.024999999994179234,Speed Bump,4.1630335,0.65,2.2397080000000003,2.9640839999999997,0.19494571827562668,0.916451,2.9640839999999997
1686.1059999999998,1686.19200000001,1686.149000000005,0.08600000001024455,Road Bump,2.072745,0.5,0.0,1.381829999999999,0.1285424376383146,0.450449,1.381829999999999
1686.4670000000042,1686.5040000000008,1686.4855000000025,0.036999999996623956,Speed Bump,2.2813168,0.65,1.6068050000000014,1.2448409999999992,0.08195915107539853,0.878166,1.6068050000000014
1695.9309999999969,1695.9579999999987,1695.9444999999978,0.027000000001862645,Rough Patch,1.1423537,0.3,1.4279419999999998,0.0,0.09903260597399222,0.44686,1.4279419999999998
1708.9040000000095,1708.9309999999969,1708.9175000000032,0.02699999998731073,Speed Bump,2.0415552,0.65,1.2395069999999997,1.3124369999999992,0.07982068594668928,0.254237,1.3124369999999992
1724.497000000003,1724.5250000000087,1724.5110000000059,0.02800000000570435,Speed Bump,3.706004,0.65,2.5465870000000006,2.0859179999999995,0.10846761748558875,0.205185,2.5465870000000006
1731.5050000000047,1731.5409999999974,1731.523000000001,0.03599999999278225,Speed Bump,3.603112,0.65,2.4915520000000004,2.0123379999999997,0.0908385712183982,0.346361,2.4915520000000004
1742.5250000000087,1742.6230000000069,1742.5740000000078,0.09799999999813735,Hard Braking,0.6955932,0.65,1.7952410000000008,0.0,0.29458846932627897,0.579661,1.7952410000000008
1757.1070000000036,1757.229999999996,1757.1684999999998,0.12299999999231659,Pothole,7.527266,0.55,5.776299000000001,0.0,0.2978535802806473,0.288933,5.776299000000001
1757.4089999999997,1757.4560000000056,1757.4325000000026,0.04700000000593718,Road Bump,7.206246,0.5,0.0,4.804164,0.2941403857650289,0.160917,4.804164
1761.096000000005,1761.1370000000024,1761.1165000000037,0.04099999999743886,Road Bump,5.6906924,0.5,0.0,3.7937949999999994,0.4328972818879786,2.145165,3.7937949999999994
1780.8859999999986,1781.024000000005,1780.9550000000017,0.13800000000628643,Pothole,10.0,0.95,11.554966,16.581038999999997,1.2088742247256328,1.131805,16.581038999999997
1781.06700000001,1781.1010000000097,1781.0840000000098,0.033999999999650754,Pothole,10.0,0.95,10.052871,9.425900999999998,0.8910997480686436,0.573679,10.052871
1787.6790000000037,1787.7100000000064,1787.694500000005,0.031000000002677552,Road Bump,6.105249,0.5,0.0,4.070165999999999,0.14919975618612785,0.604188,4.070165999999999
1799.1730000000098,1799.2070000000094,1799.1900000000096,0.033999999999650754,Pothole,4.1908307,0.55,3.2811830000000004,0.0,0.12670549917821247,0.870987,3.2811830000000004
1799.4400000000023,1799.4689999999973,1799.4544999999998,0.02899999999499414,Road Bump,2.5483184,0.5,0.0,1.6988789999999998,0.11467439530688618,1.207777,1.6988789999999998
1847.4630000000034,1847.5290000000095,1847.4960000000065,0.06600000000617001,Pothole,10.0,0.95,11.578894,16.287321,1.4199509271400896,0.674776,16.287321
1847.6560000000027,1847.6929999999993,1847.674500000001,0.036999999996623956,Speed Bump,10.0,0.65,6.272810000000001,7.106059,0.43727413944572574,0.829711,7.106059
1876.7370000000083,1876.773000000001,1876.7550000000047,0.03599999999278225,Pothole,10.0,0.95,1.8819800000000004,1.7210129999999992,4.436456330258419,5.876772,1.8819800000000004
1888.7690000000002,1888.797000000006,1888.783000000003,0.02800000000570435,Speed Bump,10.0,0.65,5.374903000000001,7.881334000000001,0.590466203656907,1.227518,7.881334000000001
1888.8880000000063,1888.9720000000088,1888.9300000000076,0.08400000000256114,Speed Bump,8.698867,0.65,3.0688210000000007,7.8047629999999995,0.4501226019975002,0.979263,7.8047629999999995
1902.2320000000036,1902.4670000000042,1902.349500000004,0.23500000000058208,Pothole,10.0,0.95,12.750181000000001,27.586827999999997,2.8537519806693084,0.839881,27.586827999999997
1913.695000000007,1913.8369999999995,1913.7660000000033,0.14199999999254942,Pothole,10.0,1.0,10.033131000000001,18.821917999999997,5.699746936262083,3.128017,18.821917999999997
1917.578999999998,1917.6080000000075,1917.5935000000027,0.029000000009546056,Speed Bump,10.0,0.65,8.127248,6.699878,0.26377984841530255,0.407976,8.127248
1917.8439999999973,1917.9000000000087,1917.872000000003,0.0560000000114087,Speed Bump,10.0,0.65,9.762144000000001,11.40357,0.6191480153993874,0.546162,11.40357
1931.4330000000045,1931.551999999996,1931.4925000000003,0.11899999999150168,Speed Bump,5.355615,0.65,3.0759990000000004,3.61852,0.2926544825113738,1.869991,3.61852
1943.1120000000083,1943.2489999999962,1943.1805000000022,0.1369999999878928,Pothole,4.8016877,0.55,3.692749,0.0,0.18519451339875054,1.249053,3.692749
1943.5040000000008,1943.573000000004,1943.5385000000024,0.06900000000314321,Road Bump,4.3447304,0.5,0.0,2.8964869999999987,0.2112549420700022,0.534796,2.8964869999999987
1956.900999999998,1956.9590000000026,1956.9300000000003,0.0580000000045402,Pothole,10.0,0.95,9.318873,6.5347719999999985,1.002829291824885,2.669194,9.318873
1963.2829999999958,1963.326000000001,1963.3044999999984,0.043000000005122274,Pothole,10.0,1.0,11.732035,9.127397,1.4335012355407997,2.888735,11.732035
1967.3510000000097,1967.4609999999957,1967.4060000000027,0.10999999998603016,Pothole,10.0,1.0,16.307112,20.054222000000003,2.544582686944364,2.151148,20.054222000000003
1967.5800000000017,1967.6070000000036,1967.5935000000027,0.027000000001862645,Pothole,10.0,0.95,8.458055,0.0,1.345650201178969,2.683551,8.458055
1977.62000000001,1977.7119999999995,1977.6660000000047,0.09199999998963904,Speed Bump,10.0,0.65,9.585075,7.201175000000001,0.37615583242720024,0.886541,9.585075
1977.846000000005,1977.8859999999986,1977.8660000000018,0.03999999999359716,Speed Bump,7.975756,0.65,5.051274,4.918421,0.23081789528760546,0.37328,5.051274
1988.7100000000064,1988.8050000000076,1988.757500000007,0.09500000000116415,Pothole,4.463164,0.55,3.3188710000000006,0.0,0.2402592820496224,0.659821,3.3188710000000006
1988.9520000000048,1989.0130000000063,1988.9825000000055,0.0610000000015134,Road Bump,2.773542,0.5,0.0,1.8490279999999988,0.07511254643533262,0.963709,1.8490279999999988
2850.1330000000016,2850.2160000000003,2850.174500000001,0.08299999999871943,Pothole,10.0,0.95,12.388865000000001,19.444051,0.8664101578450013,2.467,19.444051
2853.498999999996,2853.5310000000027,2853.5149999999994,0.03200000000651926,Pothole,10.0,1.0,8.535224000000001,11.562692,0.813302555356861,1.150349,11.562692
2880.376000000004,2880.4199999999983,2880.398000000001,0.043999999994412065,Speed Bump,3.7170105,0.65,2.1589490000000007,2.4873139999999996,0.1237998517486996,0.818944,2.4873139999999996
2892.319000000003,2892.4600000000064,2892.389500000005,0.14100000000325963,Speed Bump,3.8548377,0.65,2.5376140000000005,2.280932999999999,0.16867367005848896,1.758126,2.5376140000000005
2892.5149999999994,2892.6340000000055,2892.5745000000024,0.1190000000060536,Speed Bump,4.226203,0.65,3.2512730000000003,2.0314809999999994,0.12260477022938382,2.071586,3.2512730000000003
2905.8209999999963,2905.8810000000085,2905.8510000000024,0.06000000001222361,Speed Bump,2.2784464,0.65,1.0391089999999998,1.8089490000000001,0.03649774258772726,0.652642,1.8089490000000001
2927.2630000000063,2927.3209999999963,2927.2920000000013,0.05799999998998828,Speed Bump,10.0,0.65,11.411995000000001,10.84963,0.689657373533409,2.534597,11.411995000000001
2927.3859999999986,2927.4260000000068,2927.4060000000027,0.04000000000814907,Speed Bump,10.0,0.65,12.330839000000001,13.119221999999999,0.6570078389555181,7.728219,13.119221999999999
2938.2869999999966,2938.3280000000086,2938.3075000000026,0.04100000001199078,Speed Bump,7.5326056,0.65,3.6574550000000006,5.758301999999999,0.30058289690865647,2.89053,5.758301999999999
2976.5280000000057,2976.5709999999963,2976.549500000001,0.04299999999057036,Speed Bump,10.0,0.65,10.13662,8.161294,0.2799335854108971,2.340779,10.13662
2976.604999999996,2976.6870000000054,2976.6460000000006,0.08200000000942964,Speed Bump,10.0,0.65,9.055064,11.498682999999998,0.3400646981384572,1.108475,11.498682999999998
2980.029999999999,2980.0620000000054,2980.046000000002,0.03200000000651926,Speed Bump,7.7331247,0.65,4.884375,4.782031,0.159823552638527,1.241277,4.884375
3022.521999999997,3022.5550000000076,3022.5385000000024,0.033000000010360964,Pothole,1.5060444,0.6336642,0.7322290000000002,0.4845209999999991,0.31368478025878144,0.955334,0.7322290000000002
3026.3669999999984,3026.407999999996,3026.387499999997,0.04099999999743886,Speed Bump,2.4205785,0.65,1.679188,1.3465349999999994,0.5168920724600059,0.518644,1.679188
3072.797000000006,3072.813000000009,3072.8050000000076,0.01600000000325963,Speed Bump,6.6137614,0.65,3.896737000000001,4.370464999999999,0.3481672654170693,1.03669,4.370464999999999
3072.9900000000052,3073.0149999999994,3073.0025000000023,0.024999999994179234,Pothole,4.7892632,0.55,3.6813830000000003,0.0,0.1858018171439666,0.558724,3.6813830000000003
3081.2160000000003,3081.2630000000063,3081.2395000000033,0.04700000000593718,Speed Bump,4.3544583,0.65,2.7804850000000005,2.6625879999999995,0.07549998997350928,0.701695,2.7804850000000005
3107.2580000000016,3107.3040000000037,3107.2810000000027,0.046000000002095476,Speed Bump,10.0,0.65,9.115483000000001,6.383428,0.36060364426333796,0.854836,9.115483000000001
3130.0590000000084,3130.1100000000006,3130.0845000000045,0.05099999999220017,Speed Bump,3.3561728,0.65,1.9232560000000003,2.27196,0.32487517302496355,2.751148,2.27196
3178.199000000008,3178.2649999999994,3178.2320000000036,0.0659999999916181,Pothole,10.0,1.0,12.689164,18.848239,1.4526503388754637,1.929811,18.848239
3178.372000000003,3178.4060000000027,3178.389000000003,0.033999999999650754,Pothole,10.0,0.95,5.470616000000001,11.757706999999998,2.212441792933319,5.458627,11.757706999999998
3187.251000000004,3187.319000000003,3187.2850000000035,0.06799999999930151,Pothole,9.628625,0.95,5.033926,9.260198,1.7939569109415643,6.002396,9.260198
3187.4760000000097,3187.5160000000033,3187.4960000000065,0.03999999999359716,Pothole,10.0,0.95,6.897337,6.458204,1.0965282719077516,4.415356,6.897337
3202.8110000000015,3202.851999999999,3202.8315000000002,0.04099999999743886,Speed Bump,5.9121866,0.65,3.947585,3.442648,0.3067525830779588,1.08335,3.947585
3209.872000000003,3209.915000000008,3209.8935000000056,0.043000000005122274,Speed Bump,3.3020952,0.65,2.0943430000000003,2.033275999999999,0.060662255324048085,0.680758,2.0943430000000003
3217.4290000000037,3217.475000000006,3217.452000000005,0.046000000002095476,Speed Bump,2.7675393,0.65,1.7366170000000007,1.7228069999999995,0.10946514872323519,0.690329,1.7366170000000007
3236.8580000000075,3236.9260000000068,3236.892000000007,0.06799999999930151,Speed Bump,6.191668,0.65,5.048881000000001,2.690704,0.12919973372650578,1.839482,5.048881000000001
3248.4850000000006,3248.527000000002,3248.506000000001,0.04200000000128057,Road Bump,1.5110295,0.5,0.0,1.0073530000000002,0.07989230215734179,0.97687,1.0073530000000002
3253.4579999999987,3253.506999999998,3253.4824999999983,0.04899999999906868,Speed Bump,1.7946168,0.65,1.1713120000000004,1.0719589999999997,0.10453544183672828,0.782453,1.1713120000000004
3286.217000000004,3286.303,3286.260000000002,0.08599999999569263,Speed Bump,10.0,0.65,9.617378,5.098481999999999,0.29960498414078496,0.564108,9.617378
3292.8880000000063,3292.921000000002,3292.904500000004,0.03299999999580905,Pothole,4.9917507,0.82832235,3.651473,0.0,0.30499149836511835,0.506082,3.651473
3293.3629999999976,3293.396000000008,3293.3795000000027,0.033000000010360964,Road Bump,5.354202,0.5,0.0,3.5694679999999988,0.65493323156105,2.514857,3.5694679999999988
3315.9360000000015,3315.976999999999,3315.9565000000002,0.04099999999743886,Road Bump,5.554302,0.5,0.0,3.7028679999999987,0.19891913826980048,0.29013,3.7028679999999987
3348.899000000005,3348.9389999999985,3348.9190000000017,0.03999999999359716,Speed Bump,3.3355944,0.65,2.4628380000000005,1.7066549999999996,0.16020095693846526,0.550349,2.4628380000000005
3379.8929999999964,3379.9590000000026,3379.9259999999995,0.06600000000617001,Road Bump,3.9463246,0.5,0.0,2.630882999999999,0.21746102902819162,2.199004,2.630882999999999
