route,latitude,longitude,speed,event_type,severity,confidence,pawar_prob,gyro_peak,dip_magnitude,bump_magnitude,accel_x_peak,total_z_dev,cluster
A,30.64908668181369,76.73974780355961,6.4413319364667005,Speed Bump,3.0053856,0.65,0.6055663824081421,0.0450609206416439,2.0357194519042974,1.7210125350952161,0.6600226759910583,2.0357194519042974,0
A,30.64922000997169,76.73997058359376,7.330707055499282,Speed Bump,4.576991,0.65,0.9161655902862549,0.0641475523048308,2.9641342735290532,2.757104339599609,1.1967010498046875,2.9641342735290532,1
A,30.649294612330955,76.74010751003743,8.210119876865926,Speed Bump,5.4556355,0.65,0.9999799728393555,0.6538233482973815,3.222559032440185,3.5969852828979487,2.3833096027374268,3.5969852828979487,1
A,30.649446327836035,76.74040396929318,7.973635285625782,Speed Bump,5.49775,0.65,0.8443762063980103,0.304258636805186,3.8446932411193853,3.0274938964843763,2.709338426589966,3.8446932411193853,2
A,30.649518561254215,76.74054450732235,7.954776638506326,Speed Bump,10.0,0.65,0.9961672425270081,0.4786246389023939,9.391256031990052,9.363686981201168,1.7513152360916138,9.391256031990052,2
A,30.649648869751417,76.74082075915115,7.868386826926799,Speed Bump,4.5214777,0.65,0.9889011383056641,0.11708000096426827,2.535819110870362,3.1160282516479487,1.4275891780853271,3.1160282516479487,3
A,30.649801853023835,76.74112231615445,8.87422942913509,Speed Bump,7.4732637,0.65,0.9999759197235107,0.4773588397286983,5.361742553710937,3.9798368835449214,1.4836828708648682,5.361742553710937,4
A,30.64989200381646,76.74128168860801,9.49619131859597,Speed Bump,4.345366,0.65,0.938688337802887,0.08582176060564069,2.224752006530762,3.206955375671388,1.884444236755371,3.206955375671388,4
A,30.65009358631256,76.74161625343321,10.4682284653106,Speed Bump,5.821259,0.65,0.9998495578765869,0.09925460467013737,3.1316319084167485,4.144941749572753,1.89661169052124,4.144941749572753,5
A,30.650207006664438,76.74180665820798,11.239391945903186,Speed Bump,4.8430734,0.65,0.7819582223892212,0.06788778901204906,3.0694184875488286,2.984423103332519,1.33154296875,3.0694184875488286,6
A,30.650323204232034,76.74199492198647,10.775512680949811,Speed Bump,5.511149,0.65,0.6797555088996887,0.056479274763478554,3.363735733032227,3.5252003097534175,1.4136860370635986,3.5252003097534175,7
A,30.650750592028793,76.74264735552485,8.226057358710047,Speed Bump,2.2626534,0.65,0.4687582552433014,0.057759649321955084,0.8871646499633794,1.94115203857422,0.8983906507492065,1.94115203857422,8
A,30.651138855119466,76.74328159051136,6.680825891866212,Speed Bump,2.4827926,0.65,0.6750373244285583,0.05451004483268365,1.286765632629395,1.8167251968383802,1.1333472728729248,1.8167251968383802,9
A,30.651285098071334,76.74343249608206,4.817417806277863,Pothole,10.0,0.95,1.0,1.661361676840076,9.656859350800515,14.893500747680664,2.5284652709960938,14.893500747680664,132
A,30.651365080500657,76.74344996049744,4.480849375214448,Speed Bump,6.001199,0.65,0.9933521747589111,0.5931445326460053,4.737216053009034,2.7642826461791987,2.33207106590271,4.737216053009034,10
A,30.651454804997528,76.74345710136622,5.277634878945825,Speed Bump,3.0953553,0.65,0.5821775794029236,0.18654604292029486,2.0524688339233403,1.8167251968383802,1.3634564876556396,2.0524688339233403,10
A,30.651859882644292,76.74329860241981,6.609490805220939,Speed Bump,4.3645086,0.65,0.9748465418815613,0.2055350795765379,2.976098594665528,2.47953742980957,1.4211171865463257,2.976098594665528,11
A,30.651948440250134,76.74319394276907,7.101912220810536,Speed Bump,5.298667,0.65,0.7435060739517212,0.12235364256082214,3.598232326507569,3.025101127624511,1.1302400827407837,3.598232326507569,11
A,30.65203642855392,76.74308325986283,7.203146101760362,Speed Bump,4.5272207,0.65,0.5280674695968628,0.18789978481175493,3.0119910812377935,2.647035064697265,1.7261284589767456,3.0119910812377935,11
A,30.65220861403975,76.74286219590033,7.066191521943716,Speed Bump,4.353023,0.65,0.5270370841026306,0.12894260615363207,2.7822800254821782,2.6589989089965815,1.5533183813095093,2.7822800254821782,12
A,30.652290523109958,76.74275296454854,6.8285985764743335,Speed Bump,7.479007,0.65,0.7385458946228027,0.37815080671034457,4.02654748916626,5.322210731506347,1.1948635578155518,5.322210731506347,12
A,30.652649927625166,76.7423343145837,7.597755158137301,Speed Bump,4.848816,0.65,0.9178525805473328,0.1711399574154297,3.2321305847167974,2.82888931274414,1.554836630821228,3.2321305847167974,13
A,30.652859466558798,76.74214417426661,6.8908386597198374,Speed Bump,3.3614373,0.65,0.6883754730224609,0.17651287930502885,1.9543634033203139,2.247433128356933,1.377505660057068,2.247433128356933,14
A,30.652968434488802,76.7420865908432,6.553481947556297,Speed Bump,4.427679,0.65,0.8813379406929016,0.21915008350526224,2.4137850379943853,3.1208137893676753,1.739509105682373,3.1208137893676753,14
A,30.653086246188998,76.74203694984642,7.2563154082698205,Hard Braking,1.7036643,0.65,0.9433695673942566,0.20825184533334923,1.8395076370239263,1.6659769439697278,1.4197202920913696,1.8395076370239263,157
A,30.65321308520164,76.74198303241934,7.493138037069643,Speed Bump,4.144369,0.65,0.8206833004951477,0.12713726588007793,2.1553602790832525,3.025101127624511,1.5416370630264282,3.025101127624511,15
A,30.653438936924104,76.74186397131777,5.872904421764657,Speed Bump,6.9257855,0.65,0.7420400381088257,0.4169552482930026,3.1770954704284673,5.480136337280271,2.4087793827056885,5.480136337280271,16
A,30.653517792204173,76.74179965193748,5.1066096257280815,Speed Bump,5.7791452,0.65,0.9474714398384094,0.5375139147230377,3.1220608329772954,4.101870956420898,1.539116382598877,4.101870956420898,16
A,30.6535876242653,76.74172275972023,5.70726672990771,Speed Bump,7.4847493,0.65,0.9999934434890747,0.4866771866817452,4.35436445236206,5.001572074890136,1.567543625831604,5.001572074890136,16
A,30.653668409740533,76.7416253672749,7.220786746715487,Speed Bump,3.2561526,0.65,0.9923306703567505,0.1778013634670723,1.8131867027282729,2.257004203796388,1.1435993909835815,2.257004203796388,16
A,30.653772514278746,76.74149430284534,9.024616345478815,Speed Bump,4.56742,0.65,0.9793015718460083,0.1532562721678703,2.779887256622315,2.9293875122070308,1.0709283351898191,2.9293875122070308,16
A,30.654017720016352,76.74118442876889,10.17280660347227,Speed Bump,10.0,0.65,0.9747549891471863,0.3617845499113185,10.736022350788117,7.444644393920898,2.5670716762542725,10.736022350788117,17
A,30.6541357542844,76.7410397682952,9.41766119866838,Speed Bump,7.276095,0.65,0.9800717830657959,0.3341480713433285,4.981283721923829,4.113834800720216,1.827741622924805,4.981283721923829,17
A,30.654342146840467,76.74078768939538,7.209534126536839,Speed Bump,7.942257,0.65,0.4175002872943878,0.5788779720096112,4.000226554870606,5.927594604492187,1.4326995611190796,5.927594604492187,18
A,30.654431933498053,76.74068396100228,6.969011280542722,Pothole,10.0,0.95,0.9999905824661255,0.8256309136484613,9.704715800881386,9.014335098266601,2.200871229171753,9.704715800881386,133
A,30.654518899423618,76.74058482773414,6.808382634399969,Speed Bump,3.5069206,0.65,0.8309064507484436,0.07508938780215836,1.9711127853393569,2.412537994384765,1.1565134525299072,2.412537994384765,19
B,30.658641988155882,76.73721736962392,5.177242500290707,Speed Bump,4.4563932,0.65,1.0,0.2686615880021044,2.7392092323303228,2.8312820816040034,2.790934801101685,2.8312820816040034,20
B,30.658742013006325,76.73714703461293,7.3380428821809485,Speed Bump,3.3997226,0.65,0.6960449814796448,0.08241024195092972,2.0620403861999517,2.1876129531860347,1.259144306182861,2.1876129531860347,20
B,30.660189959891618,76.73613013265542,4.200388086919162,Speed Bump,2.6742187,0.65,0.8132495284080505,0.06708738904559236,1.5260482406616216,1.8167251968383802,0.9301249980926514,1.8167251968383802,21
B,30.66025004110984,76.73608837381201,3.689988417510633,Speed Bump,1.9716858,0.65,0.6362003087997437,0.046458225151930585,1.0450902557373052,1.4195169830322278,1.0827593803405762,1.4195169830322278,21
B,30.66145189500969,76.735263046691,2.6449365499442656,Speed Bump,5.8442297,0.65,0.999991774559021,0.19162811795460688,3.3517718887329107,3.953515472412109,1.467409372329712,3.953515472412109,22
B,30.661683591952965,76.73510271189977,4.2063473089257775,Speed Bump,4.9483576,0.65,0.6149811148643494,0.1127512516166655,3.1842742538452153,3.001172485351562,1.6421326398849487,3.1842742538452153,23
B,30.66174766236645,76.7350557170861,4.031468869922949,Speed Bump,3.943372,0.65,0.4633300006389618,0.06675703185913794,2.0620403861999517,2.867174568176269,1.6229510307312012,2.867174568176269,23
C,30.66255364998897,76.73448816805767,3.8547740090796663,Speed Bump,3.506921,0.65,0.9799572825431824,0.1935683989750766,2.026147899627687,2.3575033569335933,1.2935489416122437,2.3575033569335933,24
C,30.663215459010075,76.73400448957844,5.459833778011303,Speed Bump,4.8201017,0.65,0.9999998807907104,0.17432111023372263,2.9043136215209966,3.1208137893676753,1.839094638824463,3.1208137893676753,25
C,30.6633184750075,76.73392787374847,7.879720362345023,Speed Bump,4.479364,0.65,1.0,0.4608370773404914,2.6339250183105474,2.9652799987792964,2.2421600818634038,2.9652799987792964,25
C,30.66360985780956,76.73370123581732,10.574727492413048,Speed Bump,10.0,0.65,0.999946117401123,0.6658889723014535,6.90272050857544,7.71981948852539,2.341320037841797,7.71981948852539,26
C,30.663781333207574,76.73356820867645,11.73326583967033,Speed Bump,4.936872,0.65,0.9996143579483032,0.4970370327612311,3.181881484985352,2.9892086410522456,1.403709053993225,3.181881484985352,27
C,30.663964947405553,76.73342673410949,12.88051277835902,Speed Bump,6.2998233,0.65,0.9999339580535889,0.21930217638037844,3.222559032440185,4.652220191955566,1.802504539489746,4.652220191955566,28
C,30.664357194440615,76.73310906823653,13.498968018436187,Speed Bump,5.800202,0.65,0.800300121307373,0.17423065048145958,4.064832744598389,3.1854195022583003,1.3682169914245603,4.064832744598389,29
C,30.66455951296917,76.73293936197743,14.31625646898267,Speed Bump,4.420022,0.65,0.5367263555526733,0.10330576274287492,2.648281631469727,2.876745643615724,1.5758320093154907,2.876745643615724,30
C,30.66529525304549,76.73233712069322,9.423927654702416,Speed Bump,4.714818,0.65,0.7056928277015686,0.05884673201298013,2.7152810668945317,3.178241195678712,2.555046558380127,3.178241195678712,31
C,30.665618144099433,76.73203294652603,6.95137734940156,Speed Bump,4.0237703,0.65,0.9045403599739075,0.4742095643368847,1.9328280067443853,3.096885147094728,1.435692310333252,3.096885147094728,32
C,30.665856705545288,76.73185197991496,8.451020098267616,Speed Bump,5.513064,0.65,0.9779502749443054,0.3107750605164181,3.693945465087891,3.197384300231933,1.735310196876526,3.693945465087891,33
C,30.666437432997046,76.73140734800033,7.452120215535406,Speed Bump,5.2890954,0.65,0.999744713306427,0.22744970537515402,3.4068065261840825,3.204562606811523,1.1807973384857178,3.4068065261840825,34
C,30.66656469182387,76.73131041488018,9.09933603303659,Pothole,10.0,1.0,1.0,1.059872883286891,10.164137748479844,9.480935516357425,4.599291801452637,10.164137748479844,134
C,30.666717275195584,76.73119292145769,10.71994171120287,Pothole,10.0,0.95,1.0,2.4108371110239073,10.90591281414032,38.316842498779295,4.396569728851318,38.316842498779295,135
C,30.667049288860138,76.73093561509322,11.361195294536765,Pothole,10.0,1.0,1.0,2.0642399093602064,9.022761342525483,14.048835220336917,6.986394882202148,14.048835220336917,136
C,30.6672265168667,76.7308021509372,12.02898685622761,Speed Bump,5.1914682,0.65,0.9992733597755432,0.22008006069125335,2.8564572906494146,3.632877769470216,1.5122027397155762,3.632877769470216,35
C,30.667417269632956,76.73066302580095,12.774824095077106,Speed Bump,6.5448484,0.65,0.9999862909317017,0.21792091113935924,3.8446932411193853,4.3363670730590815,1.863260269165039,4.3363670730590815,36
C,30.667619041673582,76.73052457191929,13.569559204909293,Speed Bump,6.9602423,0.65,0.999843955039978,0.18622693354283595,3.6436958885192876,5.056606712341308,1.6731853485107422,5.056606712341308,37
C,30.66783878273573,76.73037115388703,14.363354225555696,Speed Bump,8.652447,0.65,1.0,0.42915634891045573,5.220566329956055,5.59499210357666,1.738218903541565,5.59499210357666,38
C,30.66806852237533,76.73020385859375,14.994775747503727,Speed Bump,5.269953,0.65,0.9938363432884216,0.2005904914460498,3.6365175819396978,2.950923385620115,2.196117639541626,3.6365175819396978,39
C,30.668293612778825,76.73003646110942,14.990828450587513,Speed Bump,10.0,0.65,0.9999998807907104,0.7565718662020038,7.541604099273682,7.401572647094726,1.932021141052246,7.541604099273682,40
C,30.668518787640522,76.72986448910764,15.216393541386282,Speed Bump,7.025327,0.65,0.9072802662849426,0.34256712101817344,3.914084968566895,4.867574157714843,2.137688159942627,4.867574157714843,41
C,30.668751443239493,76.72968327519723,15.461672204943598,Speed Bump,6.686504,0.65,0.9709404706954956,0.22059021790133354,4.823357639312745,3.534772338867187,1.608597755432129,4.823357639312745,42
C,30.66898768743917,76.72950467695576,16.16131332145671,Speed Bump,6.763074,0.65,0.9999992847442627,0.2647963993460746,4.129438934326172,4.324403228759765,2.368495464324951,4.324403228759765,43
C,30.66924823097862,76.72931291546116,17.15637829764361,Speed Bump,10.0,0.65,1.0,0.35560920608970215,7.177895126342774,5.75052589416504,2.428699493408203,7.177895126342774,44
C,30.669511573319582,76.72911789100239,17.826669377059943,Speed Bump,9.092726,0.65,0.9773032069206238,0.17269393916907808,5.589060840606689,5.776846351623535,1.668283224105835,5.776846351623535,45
C,30.669781341513946,76.72891251828838,17.433150977196025,Speed Bump,7.5421767,0.65,0.8136882185935974,0.2534531557661264,4.21318775177002,5.21453327178955,2.305603265762329,5.21453327178955,46
C,30.67003969492833,76.72871089802442,16.73197362701066,Speed Bump,10.0,0.65,1.0,0.5469630657375456,10.489561614990235,13.259202423095703,3.101861953735352,13.259202423095703,47
C,30.670518376373064,76.72834585871283,15.849178601087656,Speed Bump,10.0,0.65,0.978359043598175,0.29043469421595564,7.5128901576995855,6.513835372924804,3.123021125793457,7.5128901576995855,48
C,30.670984452362863,76.72798611702379,15.012392929948724,Speed Bump,10.0,0.65,0.9999966621398926,0.345144321663779,6.352371273040772,7.638463439941406,2.291550636291504,7.638463439941406,49
D,30.672918769425582,76.72649326543366,3.3203141242060803,Speed Bump,4.100341,0.65,0.9963822364807129,0.3323752382842249,2.624353466033936,2.5010723495483393,1.57197368144989,2.624353466033936,50
D,30.672985271331076,76.72643347198942,5.449396294997585,Speed Bump,4.5789056,0.65,0.9999514818191528,0.6106037644792841,2.521462020874024,3.2021698379516597,1.338250756263733,3.2021698379516597,50
D,30.67307982005872,76.72635585513486,7.0713685223819045,Pothole,9.312346,1.0,1.0,1.3581607796165562,4.246687469482422,5.709847869873048,3.6073014736175537,5.709847869873048,137
D,30.673203523331015,76.72626508645618,8.831053926723369,Speed Bump,9.165468,0.65,0.9999630451202393,0.623774878309466,4.5553613281250005,6.90147346496582,2.0076167583465576,6.90147346496582,51
D,30.67334242656155,76.72616058649957,9.271813451001872,Speed Bump,7.090412,0.65,0.9998815059661865,0.42872782820046684,4.430934486389161,4.432080688476562,1.9510968923568728,4.432080688476562,51
D,30.673488595518915,76.7260453037625,10.068496937671526,Speed Bump,6.962157,0.65,1.0,0.3487653986421698,4.418970642089844,4.283725204467771,1.1626226902008057,4.418970642089844,51
D,30.67363960406342,76.72591951451933,10.56836967847161,Speed Bump,6.51422,0.65,0.9036818146705627,0.2827300340980662,5.266029891967774,2.876745643615724,2.052942514419556,5.266029891967774,52
D,30.673913989633025,76.72570039545322,7.858475181321794,Speed Bump,4.5214777,0.65,0.624370276927948,0.17139971512889796,2.9904556846618657,2.661391677856443,1.661911129951477,2.9904556846618657,53
D,30.67402581493337,76.72561071564195,7.321005769858772,Speed Bump,6.623333,0.65,0.5947244763374329,0.4284799362531465,4.201223907470704,4.077942314147949,1.5115187168121338,4.201223907470704,53
D,30.674132767429594,76.72552217961032,7.507339858527001,Speed Bump,6.8855867,0.65,0.912372887134552,0.4200267602342,5.701523361206055,2.905459823608398,1.73114275932312,5.701523361206055,53
D,30.67424120888324,76.72543053558283,7.40411793014781,Pothole,10.0,0.95,1.0,2.0488061126579837,25.978302536010744,32.124215545654295,4.544564247131348,32.124215545654295,138
D,30.674356327352086,76.72533659685331,8.244239981317783,Speed Bump,10.0,0.65,0.997015118598938,0.6859896993015895,7.405213174819947,6.942151489257812,2.597226619720459,7.405213174819947,54
D,30.674893573853176,76.72486838901243,9.426111873738751,Speed Bump,6.03757,0.65,0.9993267059326172,0.3426506954913747,3.55276876449585,3.994193496704101,2.2042722702026367,3.994193496704101,55
D,30.67503445565266,76.72474978526226,9.560482166617827,Speed Bump,5.1455255,0.65,0.9230549335479736,0.14092932366146643,3.2799869155883794,3.151919784545898,2.2587451934814453,3.2799869155883794,55
D,30.675377114006853,76.72446053180931,6.963972867094781,Speed Bump,3.5088348,0.65,0.7556247711181641,0.09819719922927883,2.2103953933715825,2.175648155212402,1.4559320211410522,2.2103953933715825,56
D,30.67568311189563,76.72417490577152,7.815312705253579,Speed Bump,4.2017965,0.65,0.9999798536300659,0.17097276013321613,2.810993728637696,2.441252174377439,2.031536102294922,2.810993728637696,57
D,30.675811377377038,76.7240595370053,9.68860830585224,Speed Bump,4.6478186,0.65,0.9999997615814209,0.11763355318724004,2.968920288085937,2.8408531570434548,1.370649337768555,2.968920288085937,57
D,30.67596986824043,76.72392277546662,11.525389440410686,Speed Bump,7.8752584,0.65,1.0,0.3165203681346118,5.672809658050538,4.171263160705566,3.5058577060699463,5.672809658050538,58
D,30.676148525140498,76.72377550369957,12.181414721102142,Speed Bump,6.2328243,0.65,0.9963604807853699,0.3110446288422945,3.473805484771728,4.317224922180175,2.333949089050293,4.317224922180175,59
D,30.676498803537495,76.72350351790647,11.511515985499257,Speed Bump,5.1991253,0.65,0.9871187210083008,0.23737894404183257,3.3757000541687017,3.1232065582275403,2.2954938411712646,3.3757000541687017,60
D,30.676673089843874,76.7233596936957,11.940078690899906,Speed Bump,9.603833,0.65,1.0,0.49532787808435697,6.426548776626587,5.578242721557615,2.701959609985352,6.426548776626587,61
D,30.676842888119676,76.72321547794633,11.73766533714816,Speed Bump,5.245067,0.65,0.9678974151611328,0.11887048144185287,3.4139853096008306,3.142348709106443,1.520024061203003,3.4139853096008306,62
D,30.677008455006415,76.72307325165903,11.198285561617418,Speed Bump,3.8227735,0.65,0.9376956820487976,0.0692555260706512,2.0213623619079595,2.757104339599609,1.6586124897003174,2.757104339599609,63
D,30.677169726513462,76.7229371606984,10.594980374936585,Speed Bump,8.885986,0.65,0.9886259436607361,0.3505314267967209,5.321064529418946,5.786418380737304,2.401530742645264,5.786418380737304,64
D,30.677314074191422,76.7228196270044,9.201046965096936,Speed Bump,8.1700535,0.65,0.978333592414856,0.2866842293904802,5.512490329742432,4.700076522827148,2.157374858856201,5.512490329742432,64
D,30.677704371513066,76.72249517020894,3.4793120669878794,Speed Bump,2.2243676,0.65,0.46473848819732666,0.05530076396549533,1.4159780120849614,1.3644813919067378,0.8852674961090088,1.4159780120849614,65
D,30.67809598116333,76.72214574470316,2.442281866364765,Speed Bump,2.2971091,0.65,0.4162680208683014,0.03647007930411778,1.5021195983886724,1.3692669296264643,0.6881433725357056,1.5021195983886724,66
D,30.678517542193628,76.72179811773616,3.046879471746741,Speed Bump,5.626004,0.65,0.9999901056289673,0.3973141294761298,3.629339275360108,3.403166236877439,2.4383232593536377,3.629339275360108,67
E,30.690254489112178,76.71189080533706,2.0707362701124046,Speed Bump,4.6650476,0.65,0.4516727924346924,0.380670020512218,3.3972354507446294,2.434073867797851,1.899913430213928,3.3972354507446294,68
E,30.690286763695603,76.71186399127902,2.477655507088946,Speed Bump,5.70066,0.65,0.9999997615814209,0.4230657028942757,3.2584515190124517,3.867373886108398,1.871477484703064,3.867373886108398,68
E,30.690328108653112,76.71183221219752,2.934312328571734,Speed Bump,4.9177294,0.65,1.0,0.6268341900946973,3.277594146728516,2.8695673370361323,11.126455307006836,3.277594146728516,68
E,30.6905076584623,76.71167521737071,3.644964131313181,Speed Bump,5.1838107,0.65,0.9999502897262573,0.1396135747939374,2.9904556846618657,3.489307823181152,2.1436855792999268,3.489307823181152,69
E,30.690568082252277,76.71162900790137,4.15236483216615,Pothole,10.0,1.0,1.0,2.461787386301516,9.738215317428113,12.486321868896484,5.784756660461426,12.486321868896484,139
E,30.690631480725887,76.71159400295872,3.6337240046867474,Pothole,6.7926464,1.0,0.9999998807907104,0.9841338446831401,2.7703157043457036,3.5467361831665034,3.9266116619110103,3.5467361831665034,139
E,30.69068832144262,76.71157231103932,3.428884536002517,Speed Bump,4.3128233,0.65,0.9928537011146545,0.4281941000341656,2.071611461639405,3.3194174194335933,2.083352565765381,3.3194174194335933,70
E,30.690757682356686,76.71155818624818,4.15673930901219,Speed Bump,5.2259245,0.65,0.9999868869781494,0.36211789306912057,2.9019208526611333,3.630485000610351,1.7982378005981443,3.630485000610351,70
E,30.690902755462638,76.71158272042982,3.156522325219585,Pothole,6.415563,0.9933071,0.6962947249412537,0.9759931219447677,2.8492789840698247,3.8721594238281227,2.5293874740600586,3.8721594238281227,140
E,30.690988751522063,76.71164824550927,3.1545920062840573,Speed Bump,4.797131,0.65,0.999998927116394,0.3629635347613447,3.260844287872315,2.7355694198608393,2.720970869064331,3.260844287872315,71
E,30.691045873234312,76.71169951542277,4.6727890492813415,Speed Bump,3.8323452,0.65,0.8867843747138977,0.13732711013456403,1.9328280067443853,2.857603492736816,1.5941556692123413,2.857603492736816,71
E,30.691110688835526,76.71176750233953,4.666065739892787,Speed Bump,4.8162737,0.65,0.49824801087379456,0.10798947444898128,3.3134866333007817,2.7068552398681636,1.830247521400452,3.3134866333007817,71
E,30.691159925339818,76.71183829973268,4.181812110265015,Speed Bump,2.9441292,0.65,0.5415165424346924,0.10789224750738476,1.9950414276123052,1.6851200485229487,1.560604453086853,1.9950414276123052,71
E,30.691247609439156,76.71198772965032,5.234359119242022,Speed Bump,7.1612396,0.65,0.9999969005584717,0.10422718129774466,4.890356597900391,4.061192932128906,1.1371467113494873,4.890356597900391,71
E,30.691348803755247,76.71217156837325,4.669915510843687,Speed Bump,3.4877784,0.65,0.9595398306846619,0.05810248016905064,2.0907540893554692,2.268969001770019,1.0949455499649048,2.268969001770019,72
E,30.69152668068006,76.7124638346438,3.9058372200308518,Speed Bump,5.7753167,0.65,0.9997639060020447,0.2508265658972299,4.045690116882325,3.173455657958984,1.1445045471191406,4.045690116882325,73
E,30.691640631719043,76.71264738184198,2.4427441390963316,Speed Bump,3.168097,0.65,0.9626822471618652,0.09023530167524993,1.7079024887084966,2.2522186660766597,1.485400676727295,2.2522186660766597,74
E,30.691666749241694,76.712688368169,2.545085295441937,Speed Bump,6.102655,0.65,0.9225943684577942,0.2942671852727673,4.241901931762696,3.386416854858398,1.613654375076294,4.241901931762696,74
E,30.691731899394465,76.71279689209886,4.344841537430185,Speed Bump,7.6091757,0.65,1.0,0.282043906298731,4.9238563156127935,4.587613525390623,1.524515151977539,4.9238563156127935,74
E,30.691790823409228,76.71289481899923,6.963806717497473,Speed Bump,7.9097147,0.65,1.0,0.16206448672219775,5.376099643707276,4.511043968200683,1.4929357767105105,5.376099643707276,74
E,30.691957885893938,76.71316111413782,7.901739268121797,Speed Bump,4.8392444,0.65,0.9999125003814697,0.14082467871759655,2.7368164634704595,3.3122391128540034,1.407631516456604,3.3122391128540034,75
E,30.692042899052346,76.71330464664811,8.796698525376732,Speed Bump,10.0,0.65,1.0,0.15959563969732454,5.306707916259766,7.490107955932617,1.5361850261688232,7.490107955932617,75
E,30.69220435597312,76.71355785206168,6.28752631740711,Speed Bump,2.6971893,0.65,0.8687549829483032,0.056225848021210126,1.5571542358398442,1.8143324279785151,0.7890809774398804,1.8143324279785151,76
E,30.692394203435068,76.7137507204884,2.7676213192193666,Speed Bump,3.2484963,0.65,0.9980674386024475,0.3077746927363688,2.212788162231446,1.8478321456909175,1.7485889196395874,2.212788162231446,77
E,30.692478303080957,76.71370298959026,2.2596536160287015,Speed Bump,3.57392,0.65,0.9176684021949768,0.2769831415699213,1.9735060310363775,2.4938940429687495,2.2137227058410645,2.4938940429687495,77
E,30.69252659245218,76.71367026052638,3.3748877924619705,Speed Bump,4.9579287,0.65,0.9998418092727661,0.3257276383986273,3.4379134750366216,2.759497108459472,1.752594828605652,3.4379134750366216,77
E,30.692582268926515,76.71362902937352,4.2231659230364995,Speed Bump,4.293681,0.65,0.9991218447685242,0.24001937824847502,3.0765972709655767,2.290503921508787,2.120211601257324,3.0765972709655767,77
E,30.692755773774884,76.71348162810887,2.414059984632494,Speed Bump,10.0,0.65,0.9955472946166992,0.7567713863206916,6.6323314285278325,7.71742576599121,1.970085382461548,7.71742576599121,78
E,30.692789826201246,76.71345890597706,2.297241446287969,Speed Bump,3.3786654,0.65,0.9909656047821045,0.3444131389609369,1.8634358024597173,2.3598961257934548,2.592780590057373,2.3598961257934548,78
E,30.692831254575527,76.71345409911797,2.344646924384009,Speed Bump,7.197611,0.65,1.0,0.7301531559190483,4.062439975738526,4.934573593139648,7.54912805557251,4.934573593139648,78
E,30.692859927462724,76.71348645048388,2.411943162303157,Speed Bump,4.6650467,0.65,0.7102246880531311,0.4706771165385122,3.4474845504760747,2.3838238143920893,1.961617350578308,3.4474845504760747,78
E,30.692965976431605,76.713529979668,2.3449689792264508,Speed Bump,3.545206,0.65,0.9229148030281067,0.5425261314288528,2.1481819725036626,2.2833256149291987,1.6982516050338743,2.2833256149291987,78
E,30.693010950052265,76.7134940827804,3.6927538421318378,Speed Bump,6.0969124,0.65,0.9999345541000366,0.2387474451699633,3.1938453292846685,4.427295150756835,1.8263121843338013,4.427295150756835,78
E,30.693084628502977,76.71343499500139,6.16465180213773,Speed Bump,10.0,0.65,1.0,0.32269920278880115,7.632531461715699,6.602370681762695,2.2082035541534424,7.632531461715699,78
E,30.693188518875054,76.7133487550096,7.216704008534448,Speed Bump,10.0,0.65,0.9999779462814331,0.5727541199058596,7.211394605636597,7.439858856201171,2.0287442207336426,7.439858856201171,78
E,30.69352847730225,76.71306430094467,7.608265946188084,Pothole,10.0,0.95,1.0,0.8640961383637726,25.126457748413088,41.977860870361326,2.7422842979431152,41.977860870361326,141
E,30.69371974639906,76.71290245284669,6.438069551798439,Speed Bump,2.8292732,0.65,0.45151957869529724,0.21355242545156103,1.5571542358398442,1.9794372940063472,1.2689229249954224,1.9794372940063472,79
E,30.693815401176757,76.71281921023403,6.605966375461297,Speed Bump,10.0,0.65,1.0,0.3522498188401329,7.847885427474976,12.78781646728516,2.3064093589782715,12.78781646728516,79
E,30.69398779737533,76.71267136839428,5.240535719786925,Speed Bump,5.681518,0.65,0.5517879128456116,0.20611290261524165,3.80162244796753,3.300275268554687,2.297457695007324,3.80162244796753,80
E,30.69406004874741,76.71261481042121,4.631298537730044,Speed Bump,3.2676387,0.65,0.7962619066238403,0.0697681601397927,1.930435237884522,2.1541132354736323,1.1668506860733032,2.1541132354736323,80
E,30.694126212215686,76.71256406203045,4.6515993762056835,Speed Bump,4.7339606,0.65,0.9998316764831543,0.10650206904991807,3.356557426452637,2.560893478393556,1.6461169719696045,3.356557426452637,80
E,30.69420539556407,76.71250241103712,5.387513870573958,Speed Bump,4.236253,0.65,0.9509809017181396,0.05679452767599152,2.8732071495056157,2.42210906982422,1.4046955108642578,2.8732071495056157,80
E,30.694289993761934,76.71243816118067,5.996504870816859,Speed Bump,6.7688165,0.65,0.9998072981834412,0.34057702630928227,4.261044082641602,4.199976387023925,1.8114036321640012,4.261044082641602,80
E,30.694379632771557,76.71236497206539,5.968576056354954,Speed Bump,2.7278183,0.65,0.722322940826416,0.07813153641290083,1.3992286300659185,2.010544242858888,1.3762999773025513,2.010544242858888,80
E,30.69445980979931,76.71229192068671,5.635914188522747,Speed Bump,4.458307,0.65,0.7445597052574158,0.10261038181382243,2.858850059509278,2.7140335464477534,1.494491457939148,2.858850059509278,80
E,30.694548666573684,76.71222065307934,6.318553418699596,Speed Bump,4.4104505,0.65,0.993458092212677,0.07069922097179189,2.7439947700500493,2.7690681838989253,2.106008768081665,2.7690681838989253,80
E,30.69483095710941,76.71197793868104,5.016590399626476,Speed Bump,1.9793427,0.65,0.626325786113739,0.043970064595751285,1.2030168151855474,1.271161499023437,1.1218832731246948,1.271161499023437,81
E,30.69490308749378,76.71192107358675,4.457806924805658,Speed Bump,2.2837098,0.65,0.7426261305809021,0.03884962790638803,1.382478294372559,1.4721588516235347,1.1433871984481812,1.4721588516235347,81
E,30.69496219438907,76.71187364982254,3.8655712161371723,Speed Bump,2.7450461,0.65,0.5025689005851746,0.059184202984095706,1.490155754089356,1.94115203857422,1.2109490633010864,1.94115203857422,81
E,30.69502276152552,76.71183273968141,4.2333592739183405,Speed Bump,3.4935207,0.65,0.6365587115287781,0.192896646734662,2.0285406684875493,2.3383602523803724,1.822718858718872,2.3383602523803724,81
E,30.69509764678351,76.71177036494802,5.782391143582925,Speed Bump,6.661618,0.65,0.9999998807907104,0.09939680174294335,3.6508746719360357,4.676147880554199,1.6647987365722656,4.676147880554199,81
E,30.695186793242637,76.7116893758037,6.092488221240281,Speed Bump,4.0907693,0.65,0.5510165095329285,0.08369533997345346,2.4305348968505864,2.682926597595216,1.8433074951171875,2.682926597595216,81
E,30.695271233556102,76.71161480986551,5.934821853841324,Speed Bump,5.425008,0.65,0.6004076600074768,0.06765848759919825,3.5647330856323247,3.2165264511108393,1.8735383749008176,3.5647330856323247,81
E,30.695363736712913,76.71153888533117,6.662273461650876,Speed Bump,5.2603817,0.65,0.9999992847442627,0.12933910558154463,3.167524394989014,3.407952728271484,1.764060139656067,3.407952728271484,81
E,30.69546836514297,76.71145273049342,7.1872616582295965,Speed Bump,5.4058647,0.65,0.9723861217498779,0.08123271232357326,3.275201377868653,3.482129516601562,2.115450143814087,3.482129516601562,81
E,30.69557111441231,76.71137117464296,6.8374748073695235,Speed Bump,4.276452,0.65,0.9782673120498657,0.06291402382302334,2.497533855438233,2.848031463623048,1.602872371673584,2.848031463623048,81
E,30.695677951485894,76.71128803931609,7.249351035039205,Speed Bump,4.0027137,0.65,0.982699990272522,0.04861287419597066,2.435320434570314,2.568071784973144,2.100963592529297,2.568071784973144,81
E,30.69593934225004,76.71106259677573,6.411225851150654,Speed Bump,6.542934,0.65,0.9999958276748657,0.0675674266466488,4.325650272369385,3.85301727294922,2.0406148433685303,4.325650272369385,82
E,30.696049699202838,76.71097862552797,7.275980797842207,Speed Bump,4.2802815,0.65,0.8878187537193298,0.17368741275121194,2.787065563201905,2.5632862472534175,1.6934397220611572,2.787065563201905,82
E,30.696157671800265,76.7108901446615,7.456025865108315,Speed Bump,6.148597,0.65,0.9999666213989258,0.10023742117307446,3.574304161071778,4.111442031860351,1.4054723978042605,4.111442031860351,82
E,30.69627472162827,76.71079080199263,8.60549749352677,Pothole,10.0,0.95,1.0,1.5706494803390239,14.246293125152588,17.49449867248535,2.4640393257141118,17.49449867248535,142
E,30.696413231918278,76.71067728634671,9.28535748373102,Pothole,10.0,1.0,1.0,1.0604976343182964,11.50411838054657,13.79041046142578,5.242832660675049,13.79041046142578,142
E,30.696544584536337,76.71056699919724,9.39262742913993,Pothole,10.0,0.95,1.0,0.839358210086501,14.507110652923584,38.39819854736328,3.6096303462982178,38.39819854736328,142
E,30.696797085011536,76.71034473945193,8.579897757300172,Speed Bump,4.492764,0.65,0.9360689520835876,0.06086567146446231,2.796636638641358,2.819318237304687,1.6320617198944092,2.819318237304687,83
E,30.69691872682405,76.71023605659362,8.718873366259402,Speed Bump,5.1723256,0.65,0.686978816986084,0.056790422862001956,3.20341688156128,3.26199001312256,1.593740701675415,3.26199001312256,83
E,30.697047771359202,76.71012483636528,8.657951205546633,Speed Bump,6.675018,0.65,0.9999827146530151,0.09067154084134485,3.591054019927979,4.752718391418455,1.5771470069885254,4.752718391418455,83
E,30.697176545689146,76.71001656639139,9.002015780823182,Speed Bump,6.2232533,0.65,0.9651246666908264,0.25003203599690194,4.440506038665772,3.338560523986816,1.9011924266815183,4.440506038665772,83
E,30.697310949142704,76.70990594725595,9.116437872914235,Speed Bump,5.4460645,0.65,0.9990000128746033,0.11605881634655588,3.4690199470520025,3.338560523986816,2.0858635902404785,3.4690199470520025,83
E,30.697449411641095,76.70978580138308,9.60532501372164,Speed Bump,8.139425,0.65,0.9999998807907104,0.2991891683768139,6.05566125869751,4.118620338439939,1.764160394668579,6.05566125869751,83
E,30.697597042088635,76.70966288422466,10.823660472709866,Speed Bump,7.697232,0.65,0.9999997615814209,0.2150658759936416,5.555561122894288,4.065978469848632,2.1832282543182373,5.555561122894288,84
E,30.697764007228937,76.7095218431961,11.808882485352312,Speed Bump,5.312066,0.65,0.9984691739082336,0.06965776422850091,3.9786911582946782,2.661391677856443,2.0906169414520264,3.9786911582946782,85
E,30.6983981906585,76.70900212228037,8.677053639832486,Speed Bump,5.5168924,0.65,0.9453151822090149,0.07772573954699664,3.354164657592774,3.541950645446775,1.610474944114685,3.541950645446775,86
E,30.69853207044698,76.70890179916066,8.892999401685959,Speed Bump,8.614161,0.65,1.0,0.6788522223956451,3.6652312850952153,7.102469863891601,4.191577434539795,7.102469863891601,86
E,30.698651065838437,76.70879383068382,7.649796804011335,Pothole,10.0,0.95,1.0,3.4544795623360343,4.722858963012696,11.201375427246093,24.32741928100586,11.201375427246093,143
E,30.69882084058673,76.70864223830436,4.466910426420732,Speed Bump,3.3212376,0.65,0.9050629734992981,0.30532278698286147,2.1481819725036626,2.00336498260498,1.874030590057373,2.1481819725036626,87
E,30.69888988918282,76.70862479236,4.02404465565399,Speed Bump,3.8744583,0.65,0.9999996423721313,0.5439205329032968,1.8730073547363286,2.970065536499023,3.1562795639038086,2.970065536499023,87
E,30.69895911514201,76.70865790952708,4.4336651906614835,Speed Bump,2.582334,0.65,0.7983065247535706,0.4326621428453551,1.58586841583252,1.6420492553710933,1.2460925579071045,1.6420492553710933,87
E,30.699023394525764,76.70873412173539,5.4583733078851555,Speed Bump,3.1144981,0.65,0.9999836683273315,0.284082334635579,2.1242538070678716,1.7688688659667964,3.262598752975464,2.1242538070678716,87
E,30.699080917564256,76.70882914739944,5.402239362415158,Pothole,10.0,1.0,1.0,2.4021496013385093,10.767129061222077,20.91145080566406,9.181478500366213,20.91145080566406,144
E,30.699232158366726,76.70890723104647,2.9714885930641985,Speed Bump,4.592305,0.65,0.9997078776359558,0.4070169167379285,2.435320434570314,3.3050608062744136,1.8910032510757449,3.3050608062744136,88
E,30.699285773159282,76.70885910515435,4.3845317938947606,Speed Bump,6.6922464,0.65,0.9999873638153076,0.1009223532548864,4.160545883178711,4.204761924743652,1.526767015457153,4.204761924743652,88
E,30.699364348606995,76.70879129520534,6.324514416966529,Speed Bump,10.0,0.65,1.0,0.48487823641332173,10.257457820177079,13.670768203735351,2.734148979187012,13.670768203735351,88
E,30.699466562448194,76.70870551221172,7.275044438663446,Pothole,10.0,0.95,0.9896065592765808,7.273996666935856,29.158363876342776,25.816735687255857,12.600796699523926,29.158363876342776,145
E,30.69979953818519,76.70844525457899,8.187527702909493,Speed Bump,7.9977703,0.65,0.9999998807907104,0.0845050542235825,4.8664284324646,5.130784454345703,1.5166189670562744,5.130784454345703,89
E,30.699928823054098,76.70832666952404,9.301670195024794,Speed Bump,7.5900335,0.65,0.9999998807907104,0.07071109602428277,4.739608821868896,4.74793285369873,2.066787004470825,4.74793285369873,89
E,30.70006432854449,76.70821424630262,9.877500486713263,Speed Bump,7.668518,0.65,0.9791536331176758,0.2688322439452626,4.852071342468262,4.73357624053955,1.2176401615142822,4.852071342468262,89
E,30.70021598564918,76.7080883690034,10.46791281745628,Pothole,10.0,0.95,1.0,6.182036542230701,22.271820602416994,39.29311508178711,8.489361763000488,39.29311508178711,146
E,30.700503774361387,76.70785170329339,8.812577112262055,Pothole,10.0,0.95,1.0,2.160534399227611,15.157958564758301,34.856820526123045,4.680490970611572,34.856820526123045,147
E,30.700628527536505,76.7077463137701,8.827570606377726,Speed Bump,6.877929,0.65,0.9999905824661255,0.07067546749947015,4.488362369537353,4.109049263000488,1.7239172458648682,4.488362369537353,90
E,30.700762269159036,76.70763527702545,9.519843737291692,Speed Bump,10.0,0.65,0.9999971389770508,0.2083895094577294,7.945991215705872,6.040057601928712,1.908732533454895,7.945991215705872,90
E,30.70090470957272,76.70751677372589,9.639321692177441,Speed Bump,3.9127433,0.65,0.8708906173706055,0.19142768274107527,2.3372150039672857,2.553714218139648,1.4298322200775146,2.553714218139648,90
E,30.701168907747313,76.70730484203135,8.126567042025133,Speed Bump,3.9797425,0.65,0.61125248670578,0.0748628305822744,2.253466186523439,2.7212118530273433,1.3180365562438965,2.7212118530273433,91
E,30.70136466294193,76.70712461184861,6.4186087118147395,Speed Bump,10.0,0.65,1.0,0.32132841383789756,8.367127952575684,8.825303497314453,2.780657291412353,8.825303497314453,92
E,30.70146821429294,76.70703706427943,7.691833663411967,Speed Bump,10.0,0.65,0.9999773502349854,0.25400553698819367,13.26045018196106,8.720017852783203,2.3345954418182373,13.26045018196106,92
E,30.702025692082668,76.70658742646403,5.094220240453222,Speed Bump,7.2224956,0.65,1.0,0.4701411027299896,4.438113269805909,4.590006294250488,5.754611968994141,4.590006294250488,93
E,30.70210330419685,76.70652184656646,6.061722523282538,Speed Bump,8.432307,0.65,1.0,0.40164654588339466,5.409599361419678,5.130784454345703,2.4130990505218506,5.409599361419678,93
E,30.70220841634552,76.70641916988926,8.40566851116373,Speed Bump,5.2393246,0.65,0.977456271648407,0.152397117318592,4.064832744598389,2.4843229675292964,1.6663086414337158,4.064832744598389,93
E,30.702324883755427,76.70631047989838,8.743911275627479,Pothole,9.590868,1.0,0.998594343662262,0.8265710815111914,5.366528568267823,7.3321813964843745,2.3992483615875244,7.3321813964843745,148
E,30.702461772967478,76.70619586707527,9.263488640779132,Speed Bump,7.4809213,0.65,0.9996088147163391,0.24349689706024716,4.284972724914551,5.066178741455078,2.31927227973938,5.066178741455078,94
E,30.70259934387692,76.70608331832044,9.38924313061142,Speed Bump,6.2940803,0.65,0.9982243180274963,0.1796523674159964,3.574304161071778,4.293296279907228,1.2275471687316897,4.293296279907228,94
E,30.702742868852727,76.70596559592707,9.886911892569076,Speed Bump,6.075855,0.65,0.9998171925544739,0.15028197174566618,3.985869464874268,3.608949127197265,2.038577079772949,3.985869464874268,94
E,30.702891171236637,76.70584230609342,9.471014476374377,Pothole,10.0,1.0,1.0,1.939726211649397,12.439712104797364,31.93518203735352,4.560934066772461,31.93518203735352,149
E,30.7032206384983,76.70555110301451,6.20415688387344,Pothole,10.0,1.0,1.0,2.2678237051100756,8.43412703037262,12.744746627807617,4.652632236480713,12.744746627807617,150
E,30.70330653939995,76.70547629410434,6.479928336412293,Pothole,10.0,1.0,1.0,0.8858282919505007,7.685173568725586,12.378644409179687,2.822372913360596,12.378644409179687,150
E,30.70341600225012,76.70538519126671,7.8742526743858505,Pothole,10.0,0.95,1.0,4.248986154462991,17.380890903472903,44.035687866210935,19.77985954284668,44.035687866210935,150
E,30.70354196977546,76.70528077288614,8.907493366944934,Speed Bump,7.7680593,0.65,1.0,0.26753796624130494,5.718273220062256,3.991800727844238,2.027870178222656,5.718273220062256,95
E,30.703677430105802,76.70516369787087,9.616556786449332,Speed Bump,5.970571,0.65,0.9999998807907104,0.22144302432362203,3.6125894165039067,3.850624504089355,3.760080337524414,3.850624504089355,95
E,30.70395179196443,76.70493596816695,8.545267018611646,Speed Bump,4.0448275,0.65,0.7019691467285156,0.06118133647657009,2.102718410491944,2.95331615447998,1.6397699117660522,2.95331615447998,96
E,30.70406565001382,76.70484261427386,7.3449536545992204,Speed Bump,10.0,0.65,1.0,0.5125687973658758,11.437119421958924,25.295102539062498,2.062012195587158,25.295102539062498,96
E,30.70416989206004,76.70475411959958,7.599463028323156,Speed Bump,5.6528044,0.65,0.9999988079071045,0.13767514120731586,3.574304161071778,3.4917015457153315,1.227655053138733,3.574304161071778,96
E,30.704291527988335,76.70465196535294,8.904663888570916,Speed Bump,7.4943204,0.65,1.0,0.23876131771577344,4.61757474899292,4.750325622558593,1.537808537483215,4.750325622558593,96
E,30.70464789751657,76.704350719564,2.4273348746839165,Speed Bump,4.889015,0.65,0.9715676307678223,0.36796825725946974,3.8303361511230474,2.2809328460693354,1.3931423425674438,3.8303361511230474,97
F,30.710532339181192,76.71286453697772,6.470944825615525,Speed Bump,10.0,0.65,1.0,0.23647015054097228,6.220766124725342,6.396586837768554,2.685436487197876,6.396586837768554,98
F,30.710650253057814,76.71277176832119,9.12345532797109,Speed Bump,10.0,0.65,1.0,0.3751428217634278,10.176101861000062,6.30087417602539,2.287137985229492,10.176101861000062,98
F,30.710790667559454,76.71266095035051,9.551675865561203,Speed Bump,8.570133,0.65,0.998802661895752,0.5815924704881898,5.835521516799927,4.877145233154296,1.8595540523529053,5.835521516799927,98
F,30.710931288739992,76.71254829905524,9.553264534541913,Speed Bump,8.805588,0.65,1.0,0.25926730226736083,6.40501338005066,4.601971092224119,2.374597549438477,6.40501338005066,98
F,30.71108042404964,76.71243071900524,10.542264422365166,Speed Bump,5.7657456,0.65,0.9996659755706787,0.09428161561070755,3.4450917816162114,3.762090148925779,2.0509839057922363,3.762090148925779,99
F,30.71123982187684,76.71229979858755,10.834124260995242,Speed Bump,5.3637514,0.65,0.9990591406822205,0.07419739751774666,3.356557426452637,3.348131599426269,2.19772744178772,3.356557426452637,100
F,30.71140012804142,76.71216642184845,10.977297926651895,Speed Bump,5.3962936,0.65,0.999945878982544,0.16866833700791306,2.9737058258056646,3.771661224365234,2.1412692070007324,3.771661224365234,101
F,30.7115618064567,76.71203377911924,11.21876703337079,Speed Bump,9.555977,0.65,1.0,0.2678454301301081,5.438313064575196,6.506658020019531,2.344407796859741,6.506658020019531,102
F,30.711731954327647,76.71189175994766,12.154466751698308,Speed Bump,8.575876,0.65,1.0,0.18265872645538378,5.557954368591309,5.161891403198242,1.9474499225616453,5.557954368591309,103
F,30.711916708833687,76.71173551398132,12.60054879194542,Speed Bump,6.6520467,0.65,0.9999805688858032,0.08304171140437311,4.316079196929932,3.9989790344238276,1.765631914138794,4.316079196929932,104
F,30.712099318807855,76.71158099958346,12.583589989605807,Speed Bump,5.3005805,0.65,0.6559522151947021,0.056463168679399295,3.409199295043946,3.2165264511108393,1.815639972686768,3.409199295043946,105
F,30.712283161979006,76.71142878775102,12.34529444950392,Speed Bump,6.979385,0.65,0.825558602809906,0.07683047506106327,5.383277950286866,3.340953292846679,1.8753176927566528,5.383277950286866,106
F,30.712460099408542,76.71128115554862,12.191811589677284,Speed Bump,7.1765537,0.65,0.9009791612625122,0.3059150076788435,4.490755138397217,4.479937019348144,1.7257912158966064,4.490755138397217,107
F,30.712637626147945,76.71113312821005,11.681083745613902,Speed Bump,5.1225543,0.65,0.8939758539199829,0.13563192934521914,2.703316745758057,3.6998762512207026,1.5745744705200195,3.6998762512207026,108
F,30.71280591449334,76.71099227588446,11.585576730705725,Speed Bump,8.700303,0.65,0.9980452060699463,0.36174723364141437,5.9862695312500005,4.889109077453611,1.8455936908721924,5.9862695312500005,109
F,30.71297586184263,76.7108508882742,11.585141642100107,Speed Bump,10.0,0.65,0.9863451719284058,0.47042570228403474,6.21119481086731,6.946937026977539,1.850243330001831,6.946937026977539,110
F,30.71329454521772,76.71058600746859,9.715610819020082,Pothole,10.0,0.95,1.0,1.3962260131889164,10.099531528949738,36.21355194091797,3.7358245849609375,36.21355194091797,151
F,30.71342653460376,76.71047567547986,8.735978437467308,Speed Bump,5.6049476,0.65,0.7201300859451294,0.2666745840530627,3.488162574768067,3.5180220031738276,2.22320556640625,3.5180220031738276,111
F,30.713548186649426,76.71037235957262,7.853623532854321,Pothole,10.0,0.95,1.0,1.458888555882273,13.308306751251221,25.811952056884763,4.043590068817139,25.811952056884763,152
F,30.713656545876912,76.71027943396562,7.682810711904195,Speed Bump,10.0,0.65,0.9968050718307495,0.7401188364578172,7.685173568725586,6.777045669555664,1.9473204612731931,7.685173568725586,112
F,30.71377859154584,76.7101768237118,8.611455928204558,Speed Bump,6.3668227,0.65,0.9997630715370178,0.4009549640041845,3.818372306823731,4.140156211853027,1.833529710769653,4.140156211853027,112
F,30.713915121542936,76.7100648005986,9.849349788689187,Speed Bump,7.607262,0.65,0.9999998807907104,0.2867022245372159,4.3495789146423345,5.15949863433838,1.4784364700317385,5.15949863433838,112
F,30.71407023392224,76.70993635421524,11.106531366450414,Speed Bump,10.0,0.65,1.0,0.2198051513521594,6.194444952011109,7.640855255126953,1.6194608211517334,7.640855255126953,113
F,30.714241331270724,76.70979168821115,12.334005690411097,Speed Bump,10.0,0.65,0.9999997615814209,0.2867337913917168,5.830735979080201,6.832082214355468,1.8065619468688965,6.832082214355468,114
F,30.714602095601442,76.709487586782,11.96316327883159,Speed Bump,10.0,0.65,1.0,0.6330181733471766,11.13801651954651,9.772860946655276,3.096193552017212,11.13801651954651,115
F,30.714779616881767,76.7093395689416,12.275557869660478,Speed Bump,7.766145,0.65,0.9999434947967529,0.2583635405678833,4.129438934326172,5.578242721557615,1.4844725131988523,5.578242721557615,116
F,30.71495835502348,76.70918899733725,12.54661079874911,Speed Bump,7.867601,0.65,0.9909573793411255,0.1430645802167541,4.284972724914551,5.549528541564939,1.8552385568618772,5.549528541564939,117
F,30.71514156066656,76.7090341932648,12.098793974420207,Speed Bump,5.2852664,0.65,0.9871280193328857,0.120958290409054,2.834921894073487,3.771661224365234,2.2224953174591064,3.771661224365234,118
F,30.715312123645035,76.70889122911625,11.526276373685736,Speed Bump,4.45065,0.65,0.6295590996742249,0.049206687444296834,2.5334263420104985,3.029886665344238,1.60541033744812,3.029886665344238,119
F,30.715628466665617,76.7086248146524,10.268754159255764,Speed Bump,10.0,0.65,0.9921239018440247,0.2944558307342229,4.933427391052247,7.985421600341796,2.389976978302002,7.985421600341796,120
F,30.71637143147909,76.70802026893973,3.807494368674383,Speed Bump,4.7665024,0.65,0.5429956316947937,0.14394668424566556,2.473605690002442,3.4845222854614253,2.278841972351074,3.4845222854614253,121
F,30.716442342570392,76.70800255785723,4.4806627423693275,Speed Bump,4.866044,0.65,0.9306085705757141,0.4950636593450757,3.4450917816162114,2.6374630355834956,3.352047204971313,3.4450917816162114,121
F,30.716523998912557,76.70801990839901,4.732222704001951,Speed Bump,10.0,0.65,0.9999916553497314,0.770850653296,5.354564247131348,7.722211303710937,3.705031156539917,7.722211303710937,121
F,30.716592423033784,76.70806922735389,4.549408047033272,Pothole,10.0,1.0,1.0,2.0580480909850998,16.684579429626467,19.31783050537109,10.182255744934082,19.31783050537109,153
F,30.716648398613685,76.7081442313752,5.019910620544697,Speed Bump,7.9824557,0.65,0.986863374710083,0.32134170046369126,4.959748325347901,5.018321456909179,2.616394519805908,5.018321456909179,121
F,30.716711143421254,76.70824392588595,6.834585494882384,Speed Bump,7.926943,0.65,1.0,0.32919570939971726,4.706109104156495,5.202569427490234,2.158831596374512,5.202569427490234,121
F,30.71679531716676,76.70838242529283,8.664343737427496,Speed Bump,10.0,0.65,1.0,0.32127811700836734,6.450476942062378,9.39479393005371,2.4703590869903564,9.39479393005371,121
F,30.716888286653464,76.7085308559675,9.109269893188147,Speed Bump,8.99127,0.65,0.9999997615814209,0.20725627241403655,5.936020193099976,5.303067626953123,2.354062795639038,5.936020193099976,121
F,30.716989385935747,76.70868978499854,9.34555703459685,Speed Bump,10.0,0.65,1.0,0.7554375941939379,12.154966173171998,18.315236511230466,3.689918041229248,18.315236511230466,121
F,30.717088614101375,76.70885104931246,9.770001096000962,Speed Bump,7.096155,0.65,0.9999719858169556,0.21903928163901382,4.646288928985596,4.223905029296876,1.8854060173034668,4.646288928985596,121
F,30.71719497577922,76.70901825514193,10.33783427300392,Speed Bump,10.0,0.65,1.0,0.3373023889398211,7.259251174926758,6.025700035095216,2.216840982437134,7.259251174926758,121
F,30.71741288326992,76.70936135827922,9.62429574164419,Speed Bump,5.827002,0.65,0.9951114058494568,0.080221429452452,3.653267440795899,3.630485000610351,2.3118796348571777,3.653267440795899,122
F,30.71751536970938,76.70952234271634,9.68393098288429,Speed Bump,5.9074006,0.65,0.999546468257904,0.18135023388017013,3.354164657592774,4.030085983276367,1.9857313632965088,4.030085983276367,122
F,30.717618189532594,76.70968239953021,9.200309088862063,Speed Bump,4.7933025,0.65,0.604820191860199,0.06720313349205856,2.7392092323303228,3.252418937683103,1.9911994934082031,3.252418937683103,122
F,30.717708248255157,76.70982966744079,8.748971764383162,Speed Bump,7.578548,0.65,0.9999175071716309,0.21178840422768344,5.282779750823975,4.190405311584472,2.016517877578736,5.282779750823975,122
F,30.71780847075729,76.70998742874201,9.568674897074258,Speed Bump,9.986685,0.65,0.9999778270721436,0.17131116367772817,6.842899856567383,5.64045566558838,1.9924681186676023,6.842899856567383,122
F,30.71791181391258,76.71015785733755,10.300274733001105,Speed Bump,10.0,0.65,0.9999892711639404,0.6151909200537168,6.156159934997559,7.088113250732421,2.4925849437713623,7.088113250732421,122
F,30.71801870922091,76.71033426565339,9.955654016415256,Speed Bump,10.0,0.65,0.5345340371131897,0.4823509751062415,8.367127952575684,5.71224063873291,3.057284355163574,8.367127952575684,123
F,30.718180969003594,76.71059711189773,6.304424128686417,Speed Bump,9.48132,0.65,0.9999682903289795,0.6682002733424849,6.029340324401856,5.822309913635253,2.7741284370422363,6.029340324401856,124
F,30.71824337781269,76.71069716081891,5.862095662859552,Pothole,10.0,1.0,1.0,1.3149616860853903,7.587067661285401,18.186025085449216,3.2529428005218506,18.186025085449216,154
F,30.718307283837344,76.71080093351874,6.162445370036386,Speed Bump,4.5291343,0.65,0.5940139889717102,0.11505811957569134,2.645888862609864,3.0155290985107417,1.5500630140304563,3.0155290985107417,125
F,30.71836953580678,76.71090131484682,6.243175649172685,Speed Bump,5.0593843,0.65,0.9678075909614563,0.08321732612577766,3.4044137573242192,2.9198164367675776,1.6029518842697144,3.4044137573242192,125
F,30.71844082817765,76.7110245296107,7.426352246987043,Speed Bump,6.25771,0.65,0.9922950267791748,0.1773576076953703,3.598232326507569,4.223905029296876,1.659806489944458,4.223905029296876,125
F,30.718519061984665,76.71115529016195,7.7892824294834,Speed Bump,4.732046,0.65,0.9693255424499512,0.3685727261546202,2.7846727943420415,3.1303848648071266,1.7568812370300293,3.1303848648071266,125
F,30.718606946404048,76.711297246276,8.966857879116098,Speed Bump,9.734002,0.65,1.0,0.5076315580143752,6.8524711704254155,5.315031471252439,1.7138336896896362,6.8524711704254155,125
F,30.71870936587523,76.71145961343726,10.286084774671608,Pothole,10.0,0.95,1.0,1.850221142164532,18.275806961059573,23.983834686279295,3.9885294437408447,23.983834686279295,155
F,30.7188262957454,76.71164614089373,10.925607689050873,Speed Bump,10.0,0.65,0.6462880373001099,0.4113287886365766,7.43871265411377,7.8657812499999995,1.6451611518859863,7.8657812499999995,126
F,30.71893959863477,76.71182453732396,10.492003895128438,Speed Bump,10.0,0.65,0.8473628163337708,0.4785354947918027,8.391056118011475,7.277146759033203,1.77556574344635,8.391056118011475,127
F,30.719048831792044,76.71199527347484,10.159769919193566,Speed Bump,7.21101,0.65,0.7909272909164429,0.08390277462364652,3.576696929931641,5.4370655441284175,1.7842791080474854,5.4370655441284175,128
F,30.71925912107681,76.71232885696517,9.204546607919797,Speed Bump,10.0,0.65,0.9994901418685913,0.3818748429083959,5.175102767944336,9.069369735717773,2.116320848464966,9.069369735717773,129
F,30.71946795521264,76.71267783339005,4.679914013970843,Speed Bump,2.2128823,0.65,0.6654059886932373,0.10772855273537517,1.0642333602905278,1.7018694305419917,1.4099819660186768,1.7018694305419917,130
F,30.71951702523713,76.7127594262156,4.96644866047271,Speed Bump,3.127898,0.65,0.9065303802490234,0.07272245606681746,1.8897572135925298,2.0201153182983393,1.321587324142456,2.0201153182983393,130
F,30.71957727124427,76.71285227438122,5.906371740804249,Speed Bump,4.9521856,0.65,0.9973932504653931,0.06702174189770917,3.2823796844482427,2.907852592468261,1.6108958721160889,3.2823796844482427,130
