X_min,X_max,X_mean,X_std,Y_min,Y_max,Y_mean,Y_std,Z_min,Z_max,Z_mean,Z_std,mag_min,mag_max,mag_mean,mag_std,is_pothole,n_samples,trip,window_start
-65.0,129.0,17.88235294117647,47.09050404204924,33.0,352.0,167.97058823529412,96.12996267128888,-390.0,-71.0,-225.76470588235293,81.67116952019144,114.9695611890382,525.364635277252,292.7625994518098,109.18939998049966,0,34,1,0.0
-248.0,160.0,13.96875,75.78278348963899,17.0,511.0,149.875,119.99680985342901,-512.0,-16.0,-202.34375,98.28263115086764,87.63560920082658,764.7019027045768,274.2737277334311,134.8194988687012,1,32,1,2.0
-169.0,130.0,-18.897435897435898,75.67704487908144,-58.0,511.0,128.6153846153846,139.1311160582754,-512.0,35.0,-207.35897435897436,128.02393349552267,46.06517122512408,733.5291405254463,270.29228628976887,168.26605298643634,0,39,1,4.0
-164.0,188.0,-17.6875,78.91428795693464,-49.0,322.0,113.125,94.34072225184626,-438.0,-24.0,-215.59375,113.69472815807029,86.21484790916237,519.3900268584293,263.70844035847654,134.54651513026943,0,32,1,6.0
-210.0,156.0,-33.892857142857146,89.31778709661775,-116.0,343.0,83.25,106.47690058009229,-512.0,26.0,-227.14285714285714,150.88588741299884,49.77951385861457,567.2741841473133,276.79155923986116,158.5596008423353,0,28,1,8.0
-207.0,97.0,-31.11764705882353,81.3416052669533,-98.0,336.0,109.52941176470588,103.09511179548993,-512.0,-64.0,-246.11764705882354,134.6559373116804,86.27861844049197,566.7706767291336,296.1497630276285,145.6416641255781,1,17,1,10.0
-149.0,235.0,-13.347826086956522,78.67246836017539,33.0,353.0,138.52173913043478,84.58742303738696,-470.0,-84.0,-232.69565217391303,95.26322105327027,134.05968819895114,593.7718417035284,288.94645256038456,111.54874031477424,0,23,1,12.0
-161.0,96.0,-37.142857142857146,68.0065022901597,-42.0,511.0,152.95238095238096,124.43681746955004,-512.0,21.0,-236.04761904761904,143.802601536331,82.76472678623425,723.6753415724485,309.29281822371,160.05951341088831,0,21,1,14.0
-214.0,36.0,-36.642857142857146,66.25018290309754,-94.0,474.0,146.5,166.6697975896396,-512.0,-13.0,-247.07142857142858,149.10038051389324,48.67237409455183,661.1520248777886,323.91556012916504,182.5562415662108,1,14,1,16.0
-512.0,337.0,36.23076923076923,194.92687143413704,-39.0,511.0,114.53846153846153,144.6755603116134,-512.0,45.0,-183.92307692307693,180.53955949979135,50.309044912421065,886.2330393299496,298.53358485081435,225.07589887543088,1,13,1,18.0
-159.0,147.0,8.473684210526315,78.70422206360418,-15.0,175.0,73.47368421052632,54.85998294323337,-477.0,36.0,-142.26315789473685,124.29753865762382,41.12177038990418,509.69304488093616,193.81409682324357,113.13239137335304,0,19,1,20.0
-142.0,349.0,50.611111111111114,125.81650611059163,-11.0,331.0,119.83333333333333,85.45840443683049,-409.0,11.0,-211.88888888888889,111.03397322385858,62.37788069500277,439.39731451159327,289.4180911312008,116.2628806406447,0,18,1,22.0
-266.0,57.0,-49.333333333333336,102.69263740783843,-81.0,511.0,233.44444444444446,209.93444008976343,-512.0,-5.0,-303.6666666666667,189.02028109879285,49.92995093127971,770.7275783310209,416.9647972530108,256.185093821245,1,9,1,24.0
-320.0,91.0,-24.5,100.6732692568248,-81.0,511.0,138.28571428571428,168.92028067846027,-512.0,87.0,-228.21428571428572,189.97299754417304,20.223748416156685,790.9898861553162,313.1112030178702,220.28443360246592,1,14,1,26.0
-219.0,77.0,-44.375,66.34179960628141,-13.0,336.0,122.625,97.50953479019373,-512.0,83.0,-187.1875,149.98050654585083,62.185207244167,617.2268626688245,254.7205051269749,153.51270881545528,0,16,1,28.0
-110.0,62.0,-13.2,42.36696826538335,31.0,382.0,155.0,98.7832644395463,-401.0,-9.0,-233.06666666666666,98.94878585522018,181.01381162773188,563.9361666004407,297.83096687244455,105.64081521122162,0,15,1,30.0
-493.0,206.0,-28.6,177.29703889236276,-124.0,511.0,106.1,170.46374981209345,-512.0,-116.0,-314.8,131.80804224325615,129.96153277027784,875.3936257478689,382.723576872396,206.3064800387985,1,10,1,32.0
-512.0,349.0,-49.7,204.79113750355506,-35.0,319.0,79.6,96.24364914112515,-512.0,80.0,-208.8,175.91065914264547,91.61877536837086,725.4743275954015,295.9228872114786,216.74903650171674,1,10,1,34.0
-252.0,87.0,-36.86666666666667,88.88484435242914,2.0,293.0,94.06666666666666,77.06660899651823,-444.0,54.0,-147.2,138.1965749696183,45.902069670114,548.3064836384848,211.74558750600346,141.34145241838087,0,15,1,36.0
-302.0,76.0,-86.6923076923077,104.59106052062194,-29.0,329.0,104.15384615384616,94.7862746911307,-512.0,5.0,-260.38461538461536,139.50160653143772,50.60632371551998,610.040162612266,318.28303179245853,155.70505938843053,0,13,1,38.0
-84.0,23.0,-26.285714285714285,34.61921137054349,-7.0,174.0,92.5,49.45957945636012,-284.0,-159.0,-227.57142857142858,39.36770664555674,180.70417814760123,304.4700313659786,253.88583589571388,42.10085903559042,0,14,1,40.0
-99.0,139.0,-2.923076923076923,59.301007305572995,-6.0,370.0,166.82692307692307,108.91982251494166,-512.0,-24.0,-236.32692307692307,94.73134505899507,63.97655820689325,618.1528937083447,306.8995187561313,117.71589332414364,0,52,2,0.0
-150.0,148.0,18.256410256410255,65.14233644389915,-14.0,473.0,132.6153846153846,101.22420288889953,-512.0,-14.0,-196.35897435897436,121.3622437759482,63.30876716537765,697.3048113988602,260.13093640064096,134.26666359512592,0,39,2,2.0
-248.0,106.0,-18.25,133.33486978281414,65.0,511.0,173.125,137.5785571046593,-512.0,19.0,-200.25,159.45120727043744,117.79218989389746,760.8948679022615,299.85556517421696,206.45281551495225,1,8,2,4.0
-91.0,168.0,34.42857142857143,76.14339319028679,-27.0,405.0,126.92857142857143,109.02422030101796,-512.0,60.0,-194.28571428571428,116.47895491794006,97.63708311906906,652.8652234573381,264.0344172235721,128.76489408988795,0,28,2,6.0
-264.0,154.0,-40.12,84.32476267384332,-99.0,511.0,121.24,147.95277084259018,-512.0,19.0,-183.12,140.5305148357466,9.9498743710662,770.0396093708426,259.7594215032506,176.39796750613823,1,25,2,8.0
-242.0,162.0,-11.666666666666666,98.49512114256669,-52.0,473.0,159.13333333333333,139.48231269790287,-512.0,-1.0,-245.13333333333333,135.53639937505923,37.12142238654117,737.8597427695862,316.19320253241386,181.9298179856615,1,15,2,10.0
-245.0,232.0,-17.25,94.00738002944237,2.0,511.0,107.55,115.59735074818973,-417.0,8.0,-163.15,115.90697778822464,62.56196927846821,703.5872369507565,224.94407406049476,153.35323128342176,1,20,2,12.0
-131.0,209.0,22.291666666666668,91.18638383674518,-182.0,288.0,58.25,95.48352824789555,-327.0,25.0,-163.875,95.77113017501674,48.05205510693585,468.8304597613086,217.9976937215531,99.12705079215553,0,24,2,14.0
-109.0,251.0,-16.772727272727273,78.86117365816844,-214.0,511.0,137.13636363636363,164.45621010263588,-512.0,-20.0,-258.90909090909093,153.1006528965679,70.2353187506115,726.0227269170023,333.847156565137,177.1226684807356,0,22,2,16.0
-150.0,214.0,1.6153846153846154,114.67917687822606,-396.0,233.0,27.076923076923077,146.7695532975008,-512.0,223.0,-125.3076923076923,166.32331101496942,106.68176976409794,681.7301518929612,243.10361134242,140.33702400336043,1,13,2,18.0
-297.0,330.0,-13.857142857142858,166.7713820700393,-512.0,349.0,23.928571428571427,174.8670777989933,-512.0,62.0,-161.71428571428572,166.86668270184546,58.42944463196617,795.7311103632935,260.0141583320322,213.4113942158914,1,14,2,20.0
-92.0,250.0,26.416666666666668,103.93544337178193,-21.0,342.0,66.75,104.92388113929704,-229.0,77.0,-110.16666666666667,84.81728728403321,50.65570056765576,427.6353586877493,180.09507050687162,117.73458389866424,1,12,2,22.0
-123.0,131.0,1.4705882352941178,74.61991348084821,2.0,491.0,119.88235294117646,117.83781593805914,-512.0,44.0,-209.2941176470588,140.96381041867045,46.09772228646444,719.96805484688,266.57920185957323,162.59820477095207,0,17,2,24.0
-297.0,92.0,-61.90909090909091,128.77849520182428,47.0,329.0,159.54545454545453,103.00076225345803,-430.0,-9.0,-215.8181818181818,139.40837211184999,68.49817515817483,540.0166664094729,304.60839201532946,172.3556056139824,1,11,2,26.0
-201.0,32.0,-57.09090909090909,87.73560958973638,-55.0,419.0,89.18181818181819,126.52690564160521,-512.0,101.0,-153.36363636363637,170.44341781860027,43.474130238568314,552.6246465730604,242.06378846406196,169.98779246508596,1,11,2,28.0
-322.0,130.0,-23.9375,101.75857995152055,-109.0,473.0,139.0,126.93009887335627,-512.0,-45.0,-228.625,120.32345729324769,123.3288287465668,710.3815875992283,304.2950163954516,143.21916944631334,0,16,2,30.0
-216.0,79.0,-36.5,89.50768123462925,19.0,394.0,155.25,113.39890872490793,-385.0,-44.0,-254.0,86.77989398472437,76.68115805072325,530.9425580983313,321.2642190047074,123.05202796904814,0,16,2,32.0
-74.0,155.0,33.53333333333333,68.19664377535175,-184.0,454.0,95.66666666666667,136.86814417127488,-472.0,11.0,-222.26666666666668,128.73303987537759,59.28743543112655,655.68590041269,281.39365377153814,143.01239439446172,0,15,2,34.0
-195.0,202.0,-36.55555555555556,115.30357141150014,-226.0,511.0,106.0,179.30730914023306,-512.0,33.0,-260.1111111111111,144.3748550317267,70.24243731534378,751.045271604848,338.0504033780595,179.5609840643382,1,9,2,36.0
-187.0,18.0,-40.6,51.41698811352788,13.0,136.0,84.53333333333333,36.189992477970414,-462.0,-180.0,-250.0,63.74532662608818,180.93645293306707,503.44215159241486,272.29773028627585,71.86848693464971,0,15,2,38.0
-69.0,7.0,-33.15384615384615,21.50079123354857,103.0,165.0,131.76923076923077,18.81142797570687,-253.0,-210.0,-232.15384615384616,12.936805894252341,235.45275534595046,298.88292022127996,270.08526631793575,19.879126922490823,0,13,2,40.0
-170.0,222.0,27.178571428571427,68.17417481895104,-82.0,394.0,129.71428571428572,92.56729488125195,-453.0,6.0,-193.69642857142858,91.51227857562088,55.68662316930342,545.6207474061081,254.2177740336463,109.75891669449626,0,56,3,0.0
-300.0,155.0,-14.714285714285714,87.70113907993651,-107.0,439.0,113.35714285714286,95.56045740999863,-467.0,-50.0,-213.42857142857142,92.08010044498857,84.45708969648433,688.2514075539548,266.5252789734164,113.50955257283616,1,28,3,2.0
-136.0,209.0,7.923076923076923,79.64533067433929,-38.0,511.0,151.30769230769232,115.45554230317707,-461.0,-38.0,-239.69230769230768,118.46316182703876,81.76796438703852,677.9955752068003,303.4164486217543,148.50769552060007,0,26,3,4.0
-229.0,152.0,-19.193548387096776,88.8294557927786,-116.0,511.0,92.83870967741936,121.41958623268204,-512.0,-12.0,-204.19354838709677,127.48242620312321,50.6458290484024,758.752924211828,253.92446050007197,158.39807134213692,1,31,3,6.0
-176.0,122.0,-33.10526315789474,89.2677195954554,-17.0,480.0,175.47368421052633,135.5978452014216,-512.0,17.0,-249.94736842105263,152.81928566781798,31.416556144810016,642.8141255448577,336.5938563388769,175.4265390748093,0,19,3,8.0
-250.0,205.0,10.36,91.85113172955464,-54.0,511.0,153.76,184.4367165181597,-512.0,-10.0,-230.04,148.99569926679092,45.232731511594565,737.9573158387957,314.46260324211715,205.99609501684927,1,25,3,10.0
-347.0,181.0,-6.869565217391305,111.27103781457555,-5.0,365.0,121.95652173913044,100.27331270121485,-414.0,-13.0,-208.6086956521739,108.01036147173657,26.267851073127396,527.0246673543849,272.79932723939015,134.61396050218542,0,23,3,12.0
-206.0,159.0,-2.0,91.33976341633682,-198.0,341.0,102.52380952380952,125.87242939073523,-339.0,6.0,-193.04761904761904,105.68257782735917,34.336569426778794,453.2074580145389,262.76358452785036,118.71580140494395,0,21,3,14.0
-181.0,195.0,-2.25,84.06359200034221,-59.0,488.0,126.6,132.85345309776483,-423.0,6.0,-235.7,122.69233879912795,51.778373863998475,614.4501607128116,300.741089722407,144.6099822024023,0,20,3,16.0
-248.0,90.0,-39.10526315789474,82.8155177022952,-74.0,350.0,116.26315789473684,106.84856086278727,-463.0,-2.0,-203.57894736842104,119.36997585546406,72.3118247591637,522.9388109521036,265.5570386845919,135.99414168813016,0,19,3,18.0
-213.0,165.0,5.25,93.3078462224194,-47.0,414.0,142.08333333333334,130.6595182993655,-407.0,228.0,-171.83333333333334,159.57382478199725,100.269636480841,618.3963130549859,285.9399031956786,138.64476824044235,1,12,3,20.0
-191.0,144.0,-18.705882352941178,99.6828882040044,-41.0,388.0,135.76470588235293,117.16279745408282,-512.0,-123.0,-295.11764705882354,114.04482212396668,125.51493934986385,559.3871646721973,353.321097140481,133.0812311340432,0,17,3,22.0
-168.0,282.0,-6.4375,112.98615443385087,-61.0,352.0,107.875,101.91042328927891,-456.0,-32.0,-267.0625,111.49017263306214,119.6202324023825,518.6578833874985,322.8174445183205,119.88076373906314,0,16,3,24.0
-153.0,143.0,-8.4375,74.73450403762642,-29.0,446.0,116.5,105.37018079134153,-512.0,-80.0,-240.3125,102.9008738726256,93.83496150156401,537.9646828556685,287.40875220188286,126.75353706211398,0,16,3,26.0
-155.0,165.0,-4.25,84.75073745991831,-112.0,511.0,107.75,127.91183487074213,-512.0,-71.0,-213.3125,138.73883682570644,123.47469376354006,578.2499459576283,276.20681710534404,153.72941060361558,0,16,3,28.0
-157.0,167.0,39.53333333333333,78.64932012138156,-34.0,289.0,128.53333333333333,85.41183888795639,-512.0,21.0,-215.4,131.7461194874445,60.93439094632849,555.6995591144553,274.94647692433347,140.43943472862932,0,15,3,30.0
-121.0,190.0,5.222222222222222,93.83055386976127,-168.0,310.0,66.55555555555556,132.35987232718662,-270.0,-54.0,-143.11111111111111,67.19531141786017,96.20810776644555,412.66935917269166,220.41257984841303,84.82049791641855,0,9,3,32.0
-274.0,226.0,-9.846153846153847,126.10852844572234,-60.0,509.0,158.76923076923077,135.1871374435361,-483.0,-132.0,-265.38461538461536,92.58055823613081,163.24521432495348,714.1841499221332,343.48955496765734,143.1733841739203,1,13,3,34.0
-70.0,107.0,9.166666666666666,54.50050968161266,-132.0,176.0,44.5,75.92814585733892,-351.0,26.0,-158.25,114.45241005180566,84.6994687114388,375.598189559002,200.30758157339855,93.90929718376992,0,12,3,36.0
-512.0,7.0,-202.33333333333334,185.8840737903301,47.0,511.0,218.66666666666666,192.81827944696764,-512.0,-100.0,-370.0,184.40986958403283,138.7984149765407,860.5306502385606,506.5170959928587,273.5563893123825,1,6,3,38.0
-122.0,25.0,-43.46153846153846,47.42867581896872,22.0,249.0,135.15384615384616,82.92428998684575,-405.0,-41.0,-228.69230769230768,80.78307573646715,50.0199960015992,477.6421254454008,277.6147941125975,105.05944806766153,0,13,3,40.0
-158.0,-4.0,-39.84615384615385,41.208375089474146,53.0,227.0,127.84615384615384,43.456160320747216,-353.0,-217.0,-245.6153846153846,41.6884755547962,238.59170144831106,448.4439764340692,283.51879815560784,56.57614623822406,0,13,3,42.0
-205.0,114.0,18.55263157894737,59.93579782980991,-8.0,416.0,138.28947368421052,122.68936124571228,-423.0,-68.0,-216.1315789473684,84.00412616828055,129.634100452003,568.2367464358496,278.9087817338666,118.71226557540784,0,38,4,0.0
-155.0,227.0,51.32258064516129,76.55417103605583,-41.0,511.0,187.09677419354838,132.16982107310807,-512.0,-7.0,-228.67741935483872,119.78324162413303,71.57513534740957,744.4736395601929,325.9809118721361,146.10422682116558,1,31,4,2.0
-226.0,252.0,9.88888888888889,95.97466229411353,-71.0,359.0,116.25925925925925,119.41542570266037,-512.0,-51.0,-186.44444444444446,105.18601981932817,88.5945822271317,664.9067603807318,255.85427328055118,132.09619850281783,1,27,4,4.0
-245.0,227.0,5.541666666666667,101.57344599133947,-74.0,511.0,175.54166666666666,163.8217982968757,-512.0,13.0,-217.04166666666666,173.6849348597115,39.21734310225516,724.1229177425612,312.7856072021707,217.8050479836714,1,24,4,6.0
-237.0,187.0,-8.7,82.19292345857194,-64.0,511.0,111.03333333333333,107.18130537655446,-508.0,9.0,-209.46666666666667,113.67108495811745,22.22611077089287,720.5789339135581,261.1572390588841,138.71516314787243,0,30,4,8.0
-381.0,313.0,-26.41176470588235,133.62549018169244,-54.0,375.0,109.17647058823529,111.95284474441362,-512.0,-23.0,-220.41176470588235,127.08452899015883,30.822070014844883,689.5114212252034,289.3479845411707,154.9705181285178,1,17,4,10.0
-263.0,122.0,-26.23076923076923,114.87461649464994,-145.0,406.0,50.84615384615385,134.8416998693974,-448.0,-4.0,-161.46153846153845,112.4541721253701,100.12991560967181,659.3246544760783,231.08436979193567,141.30686261636163,0,13,4,12.0
-428.0,136.0,-22.142857142857142,126.55594874704747,-23.0,511.0,131.35714285714286,137.64634141931433,-512.0,20.0,-187.07142857142858,123.65069711877561,35.58089374931439,840.5052052188612,257.24405116567607,191.88184123833577,1,14,4,14.0
-380.0,249.0,9.545454545454545,152.18909507963122,-24.0,511.0,138.72727272727272,150.40738068754888,-512.0,-115.0,-295.0,124.57491356974361,123.81437719424994,817.1077040390697,368.1573439235727,179.2326754063613,1,11,4,16.0
-242.0,157.0,-3.875,112.08137389860994,-14.0,417.0,118.0625,102.70009052454628,-362.0,-48.0,-196.125,90.39557165591687,88.73556220591607,558.0448010688748,269.4493354651821,105.34107991363949,1,16,4,18.0
-245.0,172.0,-14.166666666666666,94.84270603946773,-89.0,336.0,87.41666666666667,113.36920388222231,-421.0,-64.0,-185.33333333333334,102.27115374771563,96.95875411740809,591.7448774598729,232.62207930806417,142.77564527978626,1,12,4,20.0
-255.0,211.0,-28.7,150.23451667310013,-46.0,481.0,173.1,138.28843046328927,-512.0,29.0,-212.1,171.7390171160881,58.32666628567074,715.1650159228988,328.126670981528,198.2296339868994,1,10,4,22.0
-334.0,112.0,-34.94736842105263,106.08262603134582,-131.0,406.0,98.36842105263158,120.82053264256551,-424.0,21.0,-193.21052631578948,127.43732368558297,47.44470465710583,555.1107997508245,259.82363922078883,151.03325767233517,0,19,4,24.0
-284.0,97.0,-5.722222222222222,80.65275744790515,-100.0,511.0,87.83333333333333,132.32630124053193,-512.0,70.0,-213.83333333333334,164.1324837508475,31.20897306865447,725.7726916879692,266.83247238904124,182.28316954939575,0,18,4,26.0
-221.0,118.0,-31.083333333333332,78.2649967879781,24.0,398.0,156.41666666666666,102.80844512436168,-367.0,-129.0,-234.16666666666666,65.93410009665375,164.15236824365343,584.7512291564678,298.95953036376596,109.23308048088357,1,12,4,28.0
-148.0,153.0,-17.875,64.52119322362226,-33.0,332.0,123.0,114.81452434252384,-436.0,23.0,-191.0,120.04426267006683,60.81940479813988,529.0519823230984,249.94514825574296,145.64656832007637,0,16,4,30.0
-159.0,57.0,-41.583333333333336,70.32716205153044,3.0,350.0,152.0,92.31467922275417,-458.0,-44.0,-261.3333333333333,109.3330792679975,75.45197147855052,588.1776942387394,315.7346874704125,137.3372629501099,0,12,4,32.0
-208.0,122.0,6.933333333333334,79.27375914442868,-153.0,280.0,124.6,102.41210865908387,-512.0,23.0,-207.6,150.24593172528833,50.17967716117751,590.8375411227693,277.74605828567525,144.4801962442268,1,15,4,34.0
-193.0,164.0,-26.933333333333334,93.75604276821605,-57.0,463.0,96.2,128.38494200385546,-439.0,-9.0,-213.33333333333334,116.38766639506477,54.872579673275794,666.2987318012845,264.89647896994563,155.3698450879659,0,15,4,36.0
-128.0,134.0,-12.142857142857142,82.1513039135343,-44.0,490.0,133.57142857142858,161.2600890689653,-512.0,-2.0,-209.5,162.01003055366664,66.67083320313314,720.1583159278243,279.0356130798769,207.41035462234234,0,14,4,38.0
-251.0,185.0,-12.071428571428571,114.86853621529656,-100.0,470.0,147.64285714285714,146.02133266011765,-512.0,34.0,-243.14285714285714,122.04381949755187,108.57716150277645,695.330856499264,335.86495435581213,132.92485903642697,0,14,4,40.0
-133.0,59.0,-41.57142857142857,59.334059462039995,27.0,191.0,107.0,40.604362890141324,-330.0,-56.0,-216.85714285714286,74.94269919922357,85.70880934886448,399.4270897172599,253.68967711133382,81.43343827939685,0,14,4,42.0
-78.0,60.0,-11.538461538461538,43.547702199586894,-76.0,511.0,156.46153846153845,127.41248301639193,-512.0,-176.0,-286.0,102.25608877865264,186.284728305892,723.9122875045015,342.36032267224584,133.36194907002417,0,13,4,44.0
-89.0,7.0,-35.75,25.40054133281415,63.0,203.0,135.41666666666666,41.66224976589185,-266.0,-195.0,-226.66666666666666,20.23747898221405,217.02304025149036,315.1793140420227,270.0499441548244,29.275034790350283,0,12,4,46.0
-37.0,121.0,40.294117647058826,35.39319427082051,14.0,347.0,132.64705882352942,83.52698836583976,-397.0,-63.0,-207.61764705882354,71.59075470456747,74.95331880577403,527.4343561050987,258.6056230171825,93.81763901822369,0,34,5,0.0
-512.0,286.0,-40.43333333333333,133.97056476040632,-43.0,511.0,143.16666666666666,151.46948720965406,-512.0,75.0,-269.3333333333333,166.02416156156977,35.62302626111375,777.8566706019818,347.9882569643661,205.01538076016558,1,30,5,2.0
-232.0,140.0,-4.6923076923076925,80.65919244229877,-29.0,511.0,134.10256410256412,125.61312092003578,-512.0,13.0,-221.30769230769232,126.68720896439142,99.20685460188726,741.2563659085836,288.2836525930635,149.02803816873666,0,39,5,4.0
-214.0,322.0,3.2222222222222223,144.20492962584552,-111.0,511.0,135.66666666666666,164.29715626131681,-461.0,-32.0,-214.88888888888889,131.97848683650804,60.73713855624086,660.6943317450211,306.3610788363145,189.58610016098098,1,9,5,6.0
-448.0,127.0,-51.95238095238095,124.79868596319669,-11.0,492.0,137.76190476190476,125.00434459569976,-512.0,-28.0,-258.2857142857143,140.3346825601273,89.52094726934027,710.876923243398,331.406780047108,171.61896733266877,1,21,5,8.0
-93.0,194.0,11.391304347826088,57.81209376294201,-26.0,454.0,140.56521739130434,121.15811662844855,-512.0,-4.0,-213.6086956521739,132.09934967763922,26.60826939130014,684.313524636186,279.6282199493121,150.9862285662993,0,23,5,10.0
-220.0,84.0,-26.391304347826086,66.74529075095195,-16.0,511.0,174.43478260869566,157.0103364326434,-512.0,15.0,-225.69565217391303,137.43280881077177,31.464265445104548,674.3893534153694,306.6726206963395,189.76138167738088,1,23,5,12.0
-154.0,101.0,-21.526315789473685,61.36634464303414,-18.0,511.0,169.21052631578948,132.54456209829303,-512.0,-61.0,-227.52631578947367,128.5638765754627,99.22701245124736,723.4148187589193,305.4498850561071,159.4576311760073,0,19,5,14.0
-333.0,86.0,-58.81818181818182,119.59311182795693,45.0,281.0,132.0909090909091,79.57781160080712,-437.0,-158.0,-265.27272727272725,83.62914988653061,184.76200908195386,536.4876513024321,324.3959763322207,116.93345268847209,1,11,5,16.0
-106.0,121.0,-5.238095238095238,61.39792517194291,-44.0,485.0,146.76190476190476,154.38939784778117,-497.0,4.0,-214.38095238095238,145.42302044478188,37.589892258425,623.3024947808246,288.4818685255975,181.81733928675004,0,21,5,18.0
-340.0,66.0,-70.92857142857143,102.21508435347376,-64.0,483.0,181.57142857142858,173.80067165977167,-512.0,-41.0,-226.42857142857142,126.81184841314783,57.83597496368502,781.6859983394867,325.21633051696597,200.5969194164388,1,14,5,20.0
-385.0,71.0,-24.0,118.46096403457132,-140.0,511.0,107.0,154.8197877103139,-512.0,84.0,-151.91666666666666,168.82015002823437,39.370039370059054,819.4449340864827,239.05763243211666,210.84954756717957,1,12,5,22.0
-183.0,269.0,25.0,119.55795775755746,-269.0,511.0,144.68421052631578,193.59182579295648,-512.0,31.0,-223.3684210526316,154.94692148104878,47.34976240700686,743.4204732182186,329.7793659931852,196.15807609620467,0,19,5,24.0
-281.0,110.0,-31.363636363636363,105.64457799387593,52.0,367.0,153.8181818181818,104.96996815697351,-415.0,10.0,-225.9090909090909,126.97992292660395,94.30800602281866,621.1883772254597,301.4214536696012,152.07599175315113,1,11,5,26.0
-148.0,161.0,-8.058823529411764,89.70702024350635,-39.0,360.0,125.0,125.5093153327438,-461.0,-77.0,-240.58823529411765,91.64064011351746,113.03981599418853,466.1737873368686,306.7267592510617,108.11698938943564,0,17,5,28.0
-153.0,175.0,-9.625,77.7414585340409,-42.0,510.0,112.6875,135.24501781489033,-396.0,68.0,-164.6875,133.5714784066943,58.18934610390462,663.5698908178399,242.19206028906538,153.0763892079302,0,16,5,30.0
-98.0,78.0,9.3125,47.35599057933431,67.0,421.0,169.875,114.76109695798485,-512.0,-25.0,-217.5625,125.5423079832054,90.49861877399013,604.4410641245348,287.2441616369987,157.93049612236945,0,16,5,32.0
-198.0,157.0,-40.266666666666666,99.13927352747527,-10.0,511.0,171.53333333333333,149.00866492329305,-368.0,-1.0,-179.66666666666666,113.07676841666265,48.45616575834287,580.7150764359403,287.48002790064044,159.68395940601025,0,15,5,34.0
-190.0,231.0,-2.466666666666667,97.92368910988233,-61.0,374.0,87.6,104.86486542212315,-462.0,122.0,-173.2,149.24396135187516,78.67655305108377,471.82200033487203,257.38302361455095,119.54711409467335,0,15,5,36.0
-234.0,278.0,-10.666666666666666,128.02083163818824,4.0,256.0,107.44444444444444,80.65855484160254,-411.0,-10.0,-201.88888888888889,120.52334439107585,109.54907576059234,437.0045766350737,275.70318524900296,117.58390989321698,0,9,5,38.0
-157.0,318.0,-29.0,106.60541396061593,-312.0,197.0,77.57142857142857,127.54030975438667,-424.0,34.0,-234.92857142857142,104.86757927821864,56.621550667568265,545.0357786420998,291.15649504078,126.11942626448364,1,14,5,40.0
-164.0,-9.0,-64.18181818181819,54.39220897053378,-15.0,154.0,98.54545454545455,50.323252598238476,-281.0,-206.0,-235.9090909090909,23.309984382251876,242.19413700583257,314.1225875355034,273.9394313623905,21.796720757013315,0,11,5,42.0
-133.0,242.0,63.1,113.95652679859982,-85.0,477.0,188.8,173.33020509997672,-397.0,-83.0,-235.3,91.76497153053556,91.7551088495894,634.686536803799,346.4959415260587,162.43140861905408,1,10,6,0.0
-243.0,107.0,-55.53333333333333,102.48763611068193,-103.0,511.0,170.6,227.67104925015536,-512.0,-35.0,-269.4,177.6452645020407,50.37856687124,752.6812074178549,367.86843439181996,251.6607802408724,1,15,6,2.0
-265.0,135.0,-55.5,162.71063271956137,-128.0,506.0,162.0,226.02212281102044,-512.0,55.0,-190.5,204.19659644568026,148.03377992877165,767.0756155686348,355.80860998625184,241.39538740342846,1,4,6,4.0
-388.0,223.0,-60.588235294117645,161.42274015163505,-152.0,511.0,233.1764705882353,208.93799679615555,-512.0,132.0,-260.05882352941177,204.13100481805228,61.94352266379432,776.5886942262293,430.2693933948106,227.86596096496123,1,17,6,6.0
-197.0,410.0,-8.875,117.23633982259938,-275.0,511.0,170.91666666666666,177.04470166850203,-396.0,-7.0,-196.625,121.86085387987947,40.07492981902776,642.3106724942378,307.99572888500285,181.74308145088355,1,24,6,8.0
-294.0,200.0,-41.473684210526315,121.10646400282975,-84.0,504.0,103.94736842105263,142.51296291333622,-512.0,48.0,-240.47368421052633,175.85022587150172,25.317977802344327,760.915895483857,312.931535375546,195.77178297601696,1,19,6,10.0
-205.0,242.0,39.8125,124.4318180520963,-72.0,511.0,192.3125,173.89102864653483,-512.0,48.0,-240.6875,156.90670745302765,59.033888572581766,723.5260879885396,360.9996078288352,191.10199017128826,1,16,6,12.0
-236.0,225.0,2.2222222222222223,98.29672890579954,-35.0,375.0,140.03703703703704,109.65889249090546,-437.0,36.0,-201.4814814814815,108.4327305958486,61.40846847137616,537.87080233082,274.356238024346,135.58660970465513,1,27,6,14.0
-254.0,130.0,-18.285714285714285,76.81557558894697,-59.0,511.0,126.28571428571429,121.16071296978629,-512.0,-16.0,-225.85714285714286,135.55618610685656,29.189039038652847,714.3542538544864,283.38928594971304,161.06036501989044,0,28,6,16.0
-392.0,37.0,-110.2,147.72325477053369,-74.0,511.0,152.4,205.01960881827864,-393.0,-58.0,-196.8,124.57190694534621,76.19055059520177,754.4759770860833,305.9587203545799,244.66847250716214,1,5,6,18.0
-512.0,94.0,-37.22222222222222,136.4353960083329,-70.0,511.0,115.72222222222223,172.18814178926348,-512.0,54.0,-156.27777777777777,157.9306477735491,63.623894882347464,886.2330393299496,255.44337406708752,217.14975472828735,1,18,6,20.0
-389.0,104.0,-47.42857142857143,142.5345643723526,-34.0,511.0,165.5,190.5134978345179,-512.0,114.0,-188.78571428571428,191.36770087654685,69.14477565225012,821.3318452367472,304.7203451469624,256.2388893130261,1,14,6,22.0
-476.0,111.0,-52.46153846153846,146.4401244849635,-209.0,481.0,121.76923076923077,178.76850258027252,-512.0,-106.0,-268.53846153846155,149.71594405849177,114.8781963646714,729.658139130922,352.74678565527483,202.68280784143232,1,13,6,24.0
-350.0,248.0,-26.266666666666666,120.68718057671062,-156.0,511.0,100.0,182.0117212342839,-512.0,18.0,-186.46666666666667,178.38455339207172,28.583211855912904,764.7019027045768,277.11172947825247,219.5075307415181,1,15,6,26.0
-211.0,121.0,-18.357142857142858,86.36186918414626,-92.0,511.0,124.35714285714286,145.63045557793444,-512.0,-11.0,-183.57142857142858,129.46688174737105,55.98214000911362,733.4207523652436,256.3202540416875,170.96302506516827,1,14,6,28.0
-188.0,188.0,-9.68421052631579,79.46866488158047,-28.0,511.0,132.94736842105263,153.596009297189,-512.0,0.0,-241.6315789473684,143.10327905556284,46.861498055439924,725.2372025758193,305.15827886112675,182.80750186261957,0,19,6,30.0
-255.0,233.0,-56.63636363636363,138.78844117922313,-392.0,321.0,61.72727272727273,204.08112954905098,-512.0,-164.0,-282.90909090909093,114.54372293063429,196.03316046016297,659.6430853120496,375.53052641587544,141.64714836136454,1,11,6,32.0
-211.0,25.0,-60.61538461538461,60.97860717123981,-8.0,511.0,143.76923076923077,124.37050964211352,-512.0,-70.0,-258.84615384615387,114.86838364898401,74.43117626371358,753.5157596228496,310.5461452188473,165.18898081295345,1,13,6,34.0
-98.0,3.0,-43.8235294117647,29.276039779832097,86.0,163.0,128.11764705882354,26.013305086483943,-283.0,-215.0,-245.88235294117646,19.762955104529986,257.93410011086166,314.2117120668802,283.6653851883467,15.845090501658081,0,17,6,36.0
-139.0,149.0,0.0,59.239114842076496,-94.0,471.0,138.9090909090909,117.04638128494544,-409.0,18.0,-198.25,84.02546286150948,20.73644135332772,579.7982407700113,260.83379360881264,121.79464954212823,0,44,7,0.0
-209.0,119.0,-32.25581395348837,69.69471403106812,-33.0,511.0,135.65116279069767,109.83579365769322,-512.0,-64.0,-221.7674418604651,99.25087714668398,84.73488065725944,654.9511432160417,279.30307029044883,131.84938392957196,0,43,7,2.0
-170.0,141.0,-6.4,59.71561174194137,13.0,511.0,156.74285714285713,111.33330726302191,-426.0,36.0,-221.02857142857144,100.61368430480893,32.14031735997639,656.9178030773713,286.95393273600365,131.1660253328841,0,35,7,4.0
-147.0,104.0,-13.833333333333334,66.26466294757377,4.0,511.0,163.5,133.25558149661123,-512.0,-35.0,-239.8,122.33762027002706,41.012193308819754,666.3219942340189,307.92562744646636,163.47479304681798,0,30,7,6.0
-231.0,87.0,-77.33333333333333,89.93021986209334,-221.0,341.0,131.66666666666666,123.92426002289552,-512.0,-51.0,-258.5,137.44665631921836,98.57484466130292,627.5356563574694,332.2927517295929,148.5145875108929,1,18,7,8.0
-115.0,330.0,36.05555555555556,88.06908413425742,-223.0,458.0,105.11111111111111,178.60940901210753,-512.0,142.0,-144.72222222222223,193.19644738956933,28.53068523537421,674.9377749096578,249.9591777102927,218.62212079434346,0,18,7,10.0
-109.0,413.0,16.857142857142858,112.73833408734191,0.0,511.0,156.71428571428572,135.8294248425621,-512.0,-118.0,-241.57142857142858,100.1667996648692,147.52965803525743,832.9669861405073,310.59639963548005,167.10210839099318,1,21,7,12.0
-147.0,82.0,-39.27272727272727,56.658612294226174,-79.0,481.0,158.45454545454547,129.19179796394593,-512.0,3.0,-254.1818181818182,146.01202826032593,9.433981132056603,702.9438099876832,318.3387566481426,176.46318085519383,0,22,7,14.0
-190.0,114.0,-9.8,88.43223394215482,-25.0,340.0,181.35,95.76391543791429,-429.0,-6.0,-231.45,138.76183733289207,44.23799272118933,552.6345989892417,313.7610691593964,156.05380956565105,0,20,7,16.0
-369.0,132.0,-16.53846153846154,114.72483158518263,-23.0,421.0,114.76923076923077,138.08088702259536,-422.0,-6.0,-169.23076923076923,108.67393279273118,48.14561246884289,701.0606250532118,234.51536785751472,176.42345237055886,1,13,7,18.0
-139.0,67.0,-27.166666666666668,61.04847800450611,-39.0,472.0,104.77777777777777,122.90129533516614,-418.0,-29.0,-233.11111111111111,111.30183630754749,98.72183142547549,632.8767652552905,277.24191333996123,142.8771007966003,0,18,7,20.0
-119.0,199.0,-11.176470588235293,67.74019164435424,13.0,244.0,98.70588235294117,67.0835867590333,-491.0,-4.0,-175.35294117647058,116.39331958618008,37.44329045369811,543.4878103508854,219.41514592903025,122.9217574021162,0,17,7,22.0
-181.0,356.0,1.1176470588235294,126.7725533260911,-6.0,365.0,153.11764705882354,107.27254040002704,-390.0,-59.0,-248.05882352941177,87.14117726474956,117.36268572250722,532.2612140669279,324.791785348154,121.08675424137688,0,17,7,24.0
-512.0,130.0,-28.9,168.14009040083215,-25.0,511.0,111.3,138.02322268372086,-512.0,45.0,-170.7,156.81329663010084,60.70420084310476,886.2330393299496,248.9152751414877,228.72360132097754,1,10,7,26.0
-139.0,136.0,-14.0,78.70196947980399,13.0,433.0,159.625,113.30262298375973,-450.0,-29.0,-230.3125,115.28861541258095,101.14346246792226,625.7075994424233,305.3221467560073,133.49653254037392,0,16,7,28.0
-187.0,192.0,-1.7333333333333334,104.88817325556246,-246.0,511.0,134.73333333333332,171.402631899928,-512.0,-138.0,-263.8,106.08625421482905,154.7320264198721,661.4332921769209,345.151160753303,142.30908695739578,0,15,7,30.0
-155.0,94.0,-15.066666666666666,64.34020688669118,-29.0,404.0,110.0,111.13775236165252,-424.0,-104.0,-227.73333333333332,95.38096712074632,117.91946404220128,556.2382583030405,274.6826121015918,119.69849320569199,0,15,7,32.0
-121.0,146.0,-7.461538461538462,79.86297436582369,71.0,368.0,166.6153846153846,102.91336047041516,-458.0,-6.0,-233.46153846153845,115.89293161204067,99.58413528268446,558.2839779180484,309.74154225006464,129.5424792399325,0,13,7,34.0
-144.0,180.0,-24.857142857142858,83.97521500236768,-66.0,511.0,108.71428571428571,137.84537329477368,-497.0,-64.0,-239.07142857142858,109.3483713940478,92.37423883312923,716.7670472336183,293.89139271280607,145.70490972475383,0,14,7,36.0
-240.0,52.0,-51.333333333333336,85.46214236594925,-150.0,334.0,27.444444444444443,129.19331863624726,-323.0,8.0,-204.88888888888889,130.2505657436589,22.825424421026653,466.9143390387577,257.51935898947727,141.461819627472,0,9,7,38.0
-324.0,35.0,-115.0,136.77865330525813,14.0,382.0,179.4,133.77832410372017,-420.0,-95.0,-242.6,137.63516992396964,153.64244205296922,639.7687082063329,346.94467903134336,198.60007475285138,1,5,7,40.0
-127.0,155.0,-8.692307692307692,76.56509007211758,-199.0,505.0,114.0,172.40024986596205,-512.0,-49.0,-243.07692307692307,147.40340333116282,117.48191350161096,715.0202794326885,310.6854524148154,181.5056993280671,0,13,7,42.0
-187.0,217.0,-26.46153846153846,101.66507257779597,-102.0,380.0,76.07692307692308,131.98511660758254,-422.0,-29.0,-247.92307692307693,98.93079285615742,138.15209010362457,565.6049858337531,296.3525529131461,132.9364038131919,0,13,7,44.0
-92.0,44.0,-36.0,41.69892084934573,-20.0,334.0,96.6,96.64388237234677,-448.0,-71.0,-248.9,98.40370927968112,128.55349081219072,504.19639030837976,282.7747129562546,115.66919085265468,0,10,7,46.0
-208.0,-8.0,-45.8,56.063892123183884,71.0,337.0,139.6,71.59636862299652,-350.0,-210.0,-243.3,36.75608793111694,245.20399670478457,528.5196306666385,289.66306268410057,80.59907019604387,1,10,7,48.0
-106.0,244.0,32.03333333333333,69.95307157103413,-3.0,511.0,142.83333333333334,95.96703716496734,-432.0,12.0,-195.0,104.77086108901335,77.09734106958553,677.1713224878915,262.75695838397695,124.46410789514505,0,30,8,0.0
-291.0,182.0,-55.90909090909091,131.67829568201057,31.0,511.0,165.54545454545453,136.43470875135154,-512.0,-88.0,-257.0,112.39297939899012,130.92364186807515,779.7089200464492,342.2652532841334,167.39296725148608,1,11,8,2.0
-169.0,171.0,-7.65,73.89572044442086,-69.0,511.0,113.8,113.72471147468346,-502.0,48.0,-225.625,127.74597596402009,37.656340767525464,678.7208557278906,280.09929055826194,142.0313783245038,0,40,8,4.0
-320.0,111.0,-22.428571428571427,119.35643754600531,-53.0,443.0,127.57142857142857,113.21958076846848,-512.0,16.0,-187.07142857142858,146.66748801563463,58.677082408722406,748.8611353248344,264.0612540749513,174.98819497919936,1,14,8,6.0
-267.0,221.0,5.333333333333333,113.10523264108365,-73.0,511.0,102.38095238095238,151.18467930394212,-512.0,40.0,-178.61904761904762,150.87789960616885,44.56455991031439,726.0227269170023,262.39070671540065,178.82932240883247,1,21,8,8.0
-273.0,106.0,-33.095238095238095,90.45909612947919,-91.0,371.0,110.66666666666667,129.79409823450348,-442.0,-3.0,-180.33333333333334,120.4461283780838,58.770741019660456,612.6875223145971,251.35464128373073,149.06370169249766,1,21,8,10.0
-304.0,108.0,-35.142857142857146,91.06619032554379,-479.0,511.0,38.892857142857146,224.969258103939,-512.0,92.0,-190.39285714285714,174.2783773338576,53.075418038862395,734.0912749787999,296.1670894177405,201.39349756163884,0,28,8,12.0
-211.0,50.0,-56.05555555555556,65.4390914618932,-39.0,511.0,194.38888888888889,153.85604342620223,-512.0,-68.0,-246.83333333333334,127.80073465273108,110.9414259868693,753.5157596228496,336.9365105188901,180.60103079384217,1,18,8,14.0
-186.0,150.0,1.391304347826087,85.34978624075255,-140.0,455.0,86.43478260869566,134.40264816456704,-512.0,-21.0,-190.52173913043478,124.95420711299118,53.39475629684998,572.0402083769986,257.9098927572808,134.967178943034,0,23,8,16.0
-228.0,155.0,-12.047619047619047,76.15177588554019,-24.0,429.0,91.57142857142857,101.73849364146972,-473.0,5.0,-195.57142857142858,129.77143695875506,43.393547907494266,638.6321319820981,245.24745061002508,140.08134496562533,0,21,8,18.0
-193.0,123.0,-38.733333333333334,91.5113593434656,-35.0,405.0,128.26666666666668,131.59456253542123,-512.0,25.0,-264.2,180.97742032272055,20.904544960366874,641.9579425476408,324.8955477094391,201.59716370008013,0,15,8,20.0
-512.0,77.0,-75.0909090909091,166.43724154137146,-189.0,511.0,94.18181818181819,185.83463723615742,-512.0,52.0,-161.63636363636363,183.11013711438696,24.020824298928627,886.2330393299496,266.6047173677765,255.58225351853295,1,11,8,22.0
-487.0,137.0,-55.26315789473684,149.58639190333886,-91.0,511.0,76.63157894736842,129.9927975844151,-512.0,42.0,-215.0,174.17444371119794,65.31462317123173,732.9317840017583,296.5378154190783,191.9054257897189,0,19,8,24.0
-222.0,155.0,14.166666666666666,103.83065807147499,-50.0,511.0,118.22222222222223,143.16406887653042,-512.0,95.0,-166.44444444444446,204.1565908322504,55.37147279962851,736.9843960356284,271.8150502772722,202.3714148635501,0,18,8,26.0
-153.0,511.0,37.81818181818182,179.94585962642824,-254.0,511.0,161.45454545454547,220.5544103705122,-512.0,-84.0,-349.6363636363636,155.04502145404717,172.9335132355785,885.6556893059515,460.83372562049186,206.00817517717132,1,11,8,28.0
-272.0,45.0,-66.07692307692308,82.21310164955605,-36.0,511.0,169.23076923076923,155.96012993767835,-512.0,-121.0,-281.6923076923077,111.59982396966033,199.28120834639677,772.8188662293384,365.3765736208813,149.64225874702245,0,13,8,32.0
-512.0,44.0,-81.2,150.80172412807488,-26.0,398.0,131.0,118.37144926036852,-512.0,-52.0,-283.9,135.47136228738532,58.27520913733386,826.2517776077701,343.5228048611599,203.5956348754104,1,10,8,34.0
-96.0,29.0,-44.93333333333333,38.20029086567565,9.0,218.0,124.0,62.48626515749948,-326.0,-192.0,-253.53333333333333,47.384760794537684,228.77718417709403,403.75239937367553,294.94936868348356,47.834470624029954,0,15,8,36.0
-205.0,152.0,-23.470588235294116,68.30090658864238,-38.0,473.0,220.6764705882353,145.8975709567252,-406.0,-13.0,-233.52941176470588,97.73229801925547,89.15716460273958,627.4942230809778,343.7947065884547,145.23386723607751,1,34,9,0.0
-165.0,123.0,-35.191489361702125,65.85659413755637,-15.0,334.0,130.82978723404256,90.33302903145274,-452.0,-3.0,-227.5744680851064,102.28344943817832,46.36809247747852,513.7402067193107,282.93533036303955,114.24387363068931,0,47,9,2.0
-169.0,216.0,11.0,88.13153049088996,-209.0,511.0,136.625,195.07836299378087,-395.0,54.0,-181.41666666666666,119.2552992067392,89.96666049153987,639.7702712693049,298.51802299785015,150.43586101321833,1,24,9,4.0
-184.0,87.0,-31.46875,70.65850283891882,-44.0,502.0,138.84375,158.468275487359,-512.0,-40.0,-253.46875,95.35131893916046,108.37435120913067,717.8927496499738,316.64056815251473,153.13301195383275,0,32,9,6.0
-179.0,72.0,-27.041666666666668,68.99364654726469,-146.0,511.0,100.08333333333333,146.93448558985585,-490.0,0.0,-218.08333333333334,129.20007632436688,21.02379604162864,581.0283986174858,275.40777243616355,159.69142290184845,0,24,9,8.0
-512.0,272.0,-59.857142857142854,294.69908554389536,-188.0,511.0,217.14285714285714,235.07775526495092,-512.0,14.0,-241.14285714285714,236.9595677213602,137.33535597216036,886.2330393299496,469.266698558694,294.84144876448113,1,7,9,10.0
-466.0,138.0,-57.0,141.2052879085388,-47.0,326.0,57.2,98.89266909129313,-512.0,31.0,-195.0,152.49043685862182,58.32666628567074,704.0482937980888,245.57658289530306,192.8989595620801,1,15,9,12.0
-206.0,89.0,-33.5,71.30480348475831,9.0,387.0,117.625,84.23840795622861,-446.0,-2.0,-200.0625,111.18816750783331,53.48831648126533,625.3966741197142,252.57224175477432,125.433050648415,1,16,9,16.0
-334.0,159.0,-31.3125,106.82328792800753,-45.0,489.0,126.5625,124.76576491069174,-512.0,-1.0,-214.0,157.1472239652995,77.12976079309465,782.8288446397463,278.4649517147218,192.15819177572857,1,16,9,18.0
-161.0,110.0,-34.80952380952381,68.79273151501583,-56.0,454.0,146.9047619047619,115.70648611769876,-435.0,-49.0,-241.42857142857142,98.79154167985736,99.0,610.0245896683182,304.57694158237155,127.2538931545724,0,21,9,20.0
-512.0,116.0,-42.84615384615385,142.70294382918243,-36.0,511.0,139.3846153846154,155.30245352538998,-512.0,19.0,-237.84615384615384,144.63473683936274,50.57667446560717,886.2330393299496,306.5959481956245,221.8913488711809,1,13,9,22.0
-336.0,161.0,-15.526315789473685,108.43982974857659,-83.0,511.0,120.05263157894737,123.76313271483791,-493.0,73.0,-164.21052631578948,144.36561004228426,49.969990994595946,606.5888228446021,248.64003354520938,166.47783804681754,0,19,9,24.0
-134.0,132.0,-13.11111111111111,76.50699959908454,-71.0,300.0,97.05555555555556,95.31787300176313,-387.0,18.0,-170.22222222222223,98.56952174624746,69.49820141557622,420.46878599962685,227.34541987817477,107.40631087590701,0,18,9,26.0
-194.0,170.0,-13.647058823529411,81.39442181816999,-53.0,303.0,91.3529411764706,102.85337431993439,-402.0,-12.0,-162.05882352941177,103.1797236055699,45.69463863518345,430.82943260645504,226.8962435750434,105.65359855124994,0,17,9,28.0
-112.0,61.0,-8.625,51.19432951997711,-209.0,336.0,78.0,119.34299309134157,-366.0,32.0,-178.25,104.74940333958948,32.57299494980466,441.80765045435777,233.38845135613929,106.28890240087625,0,16,9,30.0
-466.0,86.0,-225.25,217.8501491851681,97.0,433.0,274.5,148.79600129035725,-512.0,-414.0,-451.75,36.44430682562093,445.52665464593696,804.6117075956575,613.9678437969159,155.35921853358397,1,4,9,32.0
-91.0,112.0,5.4375,60.26397011274647,-88.0,249.0,104.125,83.02249318708756,-296.0,17.0,-181.0,91.72240729505522,114.34159348198712,367.6411293639492,237.53119750664482,78.41551320408027,0,16,9,34.0
-282.0,136.0,-48.77777777777778,116.40616419128496,-63.0,446.0,139.0,145.47852075134665,-512.0,-43.0,-221.88888888888889,133.44948644374307,71.6798437498297,687.8662660721196,301.56697634632815,180.32046441944487,1,9,9,36.0
-49.0,61.0,8.333333333333334,32.43386433275498,-33.0,511.0,89.26666666666667,130.76363748721926,-512.0,-14.0,-200.6,152.56421598789146,41.773197148410844,723.8024592387069,240.19469406423556,178.9183490032672,0,15,9,38.0
-139.0,63.0,-16.214285714285715,49.884407199370955,-160.0,422.0,94.85714285714286,125.43857753774904,-512.0,55.0,-203.14285714285714,136.30787480807513,79.68061244744545,665.453980377306,256.82160986959946,146.19709051624736,0,14,9,40.0
-277.0,40.0,-88.33333333333333,89.65489389877163,-21.0,394.0,138.77777777777777,160.94911395826514,-512.0,-57.0,-286.55555555555554,161.18044485131918,72.42927584892728,668.5536627676196,351.8918545499421,212.76750595495378,1,9,9,42.0
-90.0,37.0,-43.07692307692308,34.03044234089766,-47.0,477.0,133.53846153846155,112.82226688613133,-282.0,-143.0,-233.76923076923077,35.86975122933581,236.61994844053194,557.2557761028593,288.1559657152858,80.47303059696628,0,13,9,44.0
-89.0,67.0,-10.08108108108108,38.6252811611412,35.0,344.0,159.27027027027026,88.5891362532061,-282.0,-89.0,-193.59459459459458,45.723291988231246,113.11498574459532,417.2972561616,261.7082060901382,76.7261099376401,0,37,10,0.0
-115.0,100.0,6.195652173913044,50.92177272658669,21.0,511.0,186.47826086956522,135.0788399627087,-379.0,42.0,-197.82608695652175,93.50687125363895,69.13754406977442,634.0015772851042,290.51566377772673,138.31555436048293,0,46,10,2.0
-244.0,188.0,-19.375,99.1122312078585,-104.0,511.0,179.83333333333334,171.57788966595382,-465.0,37.0,-204.95833333333334,132.9606706156206,29.49576240750525,620.6214627290939,316.8137391237554,176.89866600898486,1,24,10,4.0
-377.0,133.0,-68.70588235294117,132.16022570923363,-211.0,511.0,150.41176470588235,221.5222890985782,-512.0,145.0,-211.41176470588235,213.90653781597052,35.70714214271425,815.7168626429149,369.26278116874596,219.04014855459027,1,17,10,6.0
-385.0,264.0,-9.192307692307692,141.98971231172652,-205.0,510.0,143.03846153846155,177.1825396783326,-512.0,228.0,-240.03846153846155,212.42364796090322,48.36320915737499,793.9332465642184,356.49638590485824,218.52191385939858,1,26,10,8.0
-328.0,141.0,-7.285714285714286,129.39387740617437,-64.0,511.0,156.57142857142858,191.16661180600485,-512.0,45.0,-199.35714285714286,170.98939279668662,73.34166619323561,723.7361397636572,319.1000933436608,212.15776239004953,1,14,10,10.0
-512.0,134.0,-41.53333333333333,154.29921869176425,-30.0,511.0,115.46666666666667,162.34402428861438,-512.0,59.0,-130.73333333333332,178.03050924552855,38.34057902536163,886.2330393299496,239.77496971453976,237.7297427017877,1,15,10,12.0
-177.0,120.0,-42.54545454545455,76.55106867772963,-173.0,511.0,121.5909090909091,181.00066777649522,-399.0,140.0,-121.31818181818181,145.79605505438576,42.118879377305376,646.3482033702886,254.93058610803612,161.86648789350068,0,22,10,14.0
-246.0,81.0,-16.0,81.62756166595577,-38.0,511.0,178.2941176470588,181.36306281498784,-512.0,-6.0,-242.1764705882353,168.49235810707984,42.24926034855522,727.8914754274844,332.315131057616,219.5590651326523,1,17,10,16.0
-187.0,89.0,-22.6,78.20959020478243,-63.0,511.0,123.95,159.8657170878109,-443.0,-17.0,-229.35,136.77071141147144,49.98999899979995,679.2687244382741,302.94993266618906,164.55132420479504,0,20,10,18.0
-280.0,116.0,-44.53846153846154,98.31629912967743,-41.0,511.0,157.3846153846154,161.782160498682,-512.0,-64.0,-217.84615384615384,162.4323983190196,103.61949623502326,740.5200875060716,296.62786100975796,220.1051945960393,1,13,10,20.0
-486.0,77.0,-73.28571428571429,131.66864719082224,23.0,511.0,165.64285714285714,150.26006367193474,-512.0,-25.0,-204.07142857142858,122.18455846190471,90.82400563727631,871.4705961763713,300.93221406068744,196.81739825233524,1,14,10,22.0
-245.0,197.0,-8.88888888888889,114.6947101797196,-45.0,414.0,123.33333333333333,134.8019122844908,-437.0,183.0,-133.94444444444446,158.7130437201479,51.468436929831086,604.6602351734402,255.5050816444125,156.411806631987,0,18,10,24.0
-330.0,95.0,-56.27272727272727,113.73501172709301,5.0,467.0,193.0909090909091,160.52949575783404,-477.0,18.0,-202.72727272727272,116.50836170467524,37.05401462729781,692.8708393344318,318.4915764999106,179.97708760350017,1,11,10,26.0
-337.0,57.0,-56.0,103.92217367731577,9.0,444.0,177.63636363636363,143.2494789628936,-367.0,8.0,-187.27272727272728,117.18291134266892,54.71745608121781,577.0450588992163,286.53819063240394,180.85818613191478,1,11,10,28.0
-204.0,55.0,-36.142857142857146,99.16714399930851,-49.0,462.0,158.42857142857142,182.51329277840645,-443.0,-31.0,-234.57142857142858,144.6294350033483,66.49060083951716,598.171380124459,330.7484235319453,189.99487298267897,1,7,10,30.0
-134.0,351.0,29.75,130.98290282832082,-27.0,511.0,169.66666666666666,155.07328016851332,-512.0,94.0,-148.0,170.24198463755448,29.698484809834994,804.0310939260994,281.41379218664775,206.3218220009627,1,12,10,32.0
-119.0,119.0,-20.2,65.07452138382067,-21.0,511.0,248.13333333333333,157.42971624047206,-504.0,110.0,-210.73333333333332,170.1424762433597,112.8583182578936,718.4580711495975,358.8878001696707,188.5564819606436,0,15,10,34.0
-340.0,60.0,-66.0,108.31251081938781,50.0,511.0,161.2,131.2309414734193,-512.0,-52.0,-255.6,119.29811398341552,82.12186067059123,799.2903102127536,326.43206878386565,179.7222981977629,1,10,10,36.0
-389.0,54.0,-48.4,121.9919669486479,23.0,391.0,158.1,95.80756755079423,-512.0,-130.0,-230.8,112.52537491606058,153.43402490973116,752.5596321887057,301.64666520858447,162.29352842470394,1,10,10,38.0
-120.0,29.0,-41.46666666666667,47.931710681853296,20.0,352.0,146.06666666666666,83.25099932666808,-395.0,-75.0,-233.86666666666667,79.0568290675905,112.50777750893491,474.79258629426806,290.01338541241336,95.49329617813127,0,15,10,40.0
-128.0,60.0,-51.30769230769231,58.00581484828067,-21.0,397.0,151.53846153846155,102.95974970429755,-307.0,-131.0,-231.0,51.564746454560186,178.77639665235452,496.53398675216584,299.00623230308355,78.59367246545195,0,13,10,42.0
-67.0,-2.0,-25.428571428571427,19.374925937975625,106.0,223.0,168.28571428571428,34.40811484732837,-253.0,-187.0,-213.85714285714286,15.985963230539575,222.84748147555987,320.3404439030451,275.17256524243834,28.222117378478092,0,14,10,44.0
