latitude,longitude,event_type,severity,avg_severity,confidence,n_detections,total_duration,max_gyro_peak,max_dip_dev,max_bump_dev,abs_max_dev,max_accel_x,avg_speed,est_size_m,route
30.6539699,76.7412439,Acceleration,3.8506074,3.8506074,0.75,1,0.0207138061523437,0.2477150857448578,-0.2023888296798022,0.8564469147510945,0.8564469147510945,2.5670716762542725,10.29105228389543,0.2131668621122443,A
30.6492686,76.7400562,Hard Braking,3.5749645,1.0829248,0.7,5,0.0621414184570312,0.2486734986305236,-0.7156670917089691,0.9028293399170336,0.9028293399170336,2.3833096027374268,7.947908842892458,0.166240412452865,A
30.64939077777778,76.74029773333332,Hard Braking,4.0640078,1.1938548,0.8,9,0.1242847442626953,0.2863502204418182,-1.3584429856981677,0.9884291677874072,1.3584429856981677,2.709338426589966,8.464868526876218,0.1785153079797515,A
30.6499053,76.7413048,Minor Anomaly,0.48240393,0.48240393,0.2,1,0.0103569030761718,0.0513546131551265,0.0,0.4109722057906815,0.4109722057906815,0.4020032882690429,9.550645414566995,0.0989151088735557,A
30.65131610909091,76.74344135454545,Rough Patch,2.1275964,1.3375632,0.3,11,0.1139144897460937,0.2593015730381012,-1.1826053980581044,0.7917442980510163,1.1826053980581044,1.77299702167511,4.666725093232416,0.0501995078947807,A
30.6522617,76.7427913,Rough Patch,1.0187913,1.0187913,0.3,1,0.0103530883789062,0.158384695649147,-1.4938075943121278,0.0,1.4938075943121278,0.8489927649497986,7.003950442112026,0.0725125179286653,A
30.65345735,76.74185021666666,Rough Patch,2.1661854,1.3144274,0.3,6,0.072509765625,0.2410540878772735,-0.8034046689313552,1.5066001587703042,1.5066001587703042,1.8051544427871704,5.625654285097593,0.1203811978152188,A
30.654110425,76.741071,Rough Patch,1.6214368,0.7527132,0.3,4,0.04144287109375,0.1015706062316894,-1.4051921802849725,0.417872816607014,1.4051921802849725,1.351197361946106,9.54493429033846,0.1003779205564317,A
30.654445299999995,76.7406684,Rough Patch,1.5629296,0.7159755,0.3,6,0.0725250244140625,0.2706678509712219,-1.310407571998974,1.856009415107069,1.856009415107069,1.3024413585662842,6.9019538870269885,0.1426497434253554,A
30.6489055,76.7394329,Minor Anomaly,0.018201195,0.018201195,0.2,1,0.0103340148925781,0.0495330952107906,0.0,0.036402390975347,0.036402390975347,0.1419046223163604,4.531793219482342,0.046831618620215,A
30.649429238461543,76.74037228461538,Minor Anomaly,0.24743709,0.103595145,0.2,13,0.1553554534912109,0.1061424240469932,-0.4948741746482854,0.4706070231158943,0.4948741746482854,1.1703397035598757,8.024864419482302,0.1659928693528932,A
30.6496583,76.7408415,Minor Anomaly,0.18832837,0.11440362,0.2,2,0.0207138061523437,0.0646451413631439,0.0,0.3766567446280646,0.3766567446280646,0.9711382389068604,7.906448773633519,0.0822551124993604,A
30.6498142,76.7411449,Minor Anomaly,0.23273979,0.12507798,0.2,3,0.0310707092285156,0.1388552039861679,0.0,0.4654795862546184,0.4654795862546184,1.2143595218658447,8.86679944456609,0.0920739545467769,A
30.650135472727268,76.74168696363637,Minor Anomaly,0.23441729,0.15021826,0.2,11,0.1346435546875,0.0678877905011177,-0.4688345900483845,0.3864344556580743,0.4688345900483845,1.3229455947875977,10.760230543107726,0.2322282643243037,A
30.6515179,76.7434598,Minor Anomaly,0.07243973,0.07243973,0.2,1,0.0103530883789062,0.0754228308796882,-0.1448794582581616,0.0,0.1448794582581616,0.134036049246788,6.160702816455997,0.0637823007349455,A
30.65198825,76.74314395,Minor Anomaly,0.1843463,0.07643849,0.2,8,0.082855224609375,0.0687832832336425,-0.3686926169938678,0.2137921233158817,0.3686926169938678,1.4211171865463257,7.170398961695089,0.0756520886174589,A
30.6521786,76.7429015,Minor Anomaly,0.1053098,0.1053098,0.2,1,0.0103530883789062,0.0182535331696271,-0.2106195952797742,0.0,0.2106195952797742,0.1471748650074005,7.19908211833085,0.0745327334180829,A
30.65263845,76.74234634999999,Minor Anomaly,0.006158332,0.003442059,0.2,2,0.0207138061523437,0.0539760664105415,0.0,0.0123166639932286,0.0123166639932286,1.554836630821228,7.573622523229926,0.0784586361554089,A
30.6532324,76.7419746,Minor Anomaly,0.08146219,0.08146219,0.2,1,0.0103607177734375,0.0761717036366462,0.0,0.1629243717949844,0.1629243717949844,0.1435932368040084,7.5082656272805774,0.0777910211322557,A
30.6535651625,76.7417491125,Minor Anomaly,0.20747398,0.097955085,0.2,8,0.0828628540039062,0.4318754971027374,-0.1739205817505773,0.4149479524343871,0.4149479524343871,1.136698603630066,5.393362255204282,0.059004920428589,A
30.653825766666667,76.74142683333334,Minor Anomaly,0.23583071,0.1441575,0.2,6,0.0724868774414062,0.0893424525856971,-0.3002673737471468,0.4716614314587737,0.4716614314587737,0.7177689075469971,9.82691820312638,0.1984237993025768,A
30.6539699,76.7412439,Minor Anomaly,0.011767549,0.011767549,0.2,1,0.0103607177734375,0.0388882532715797,-0.023535098167474,0.0,0.023535098167474,0.4044545590877533,10.317886230376518,0.106900707251368,A
30.65426605,76.7408814,Minor Anomaly,0.2095427,0.13643728,0.2,8,0.103546142578125,0.2529268860816955,-0.4190854248823745,0.3254000724917052,0.4190854248823745,1.5220131874084473,8.253518114902159,0.276757780076771,A
30.649519825,76.74054699999999,Pothole,8.446152,6.115263,0.8778498,12,0.1760692596435546,0.4786246418952942,-6.807983508995457,6.7823179490592125,6.807983508995457,1.022844314575195,8.015460607694902,0.2495491640495968,A
30.64979255,76.74110529999999,Pothole,3.6083739,3.4407687,0.8080116,5,0.0621414184570312,0.3244459927082062,-2.6970263090510045,1.382737553713195,2.6970263090510045,0.3637234568595886,8.855794101532254,0.1825119426139281,A
30.6513128875,76.7434406625,Pothole,10.0,4.907107,1.0,10,0.1967849731445312,1.6613616943359375,-7.198139119709304,12.256482612593675,12.256482612593675,1.979207754135132,4.732808600376431,0.2479972893499673,A
30.65357945,76.74173235,Pothole,4.180223,2.2347806,0.79027885,6,0.0828628540039062,0.4172124564647674,-1.745863513940228,2.7868153390696837,2.7868153390696837,0.4705681204795837,5.462473185639523,0.110395611982261,A
30.6539699,76.7412439,Pothole,10.0,6.5230603,0.55,7,0.186431884765625,0.2855104506015777,-8.263271384904996,4.884770055834887,8.263271384904996,1.332597732543945,10.28797005029802,0.6379683047549409,A
30.6542099,76.7409474,Pothole,6.3713584,6.3713584,0.95,1,0.0414276123046875,0.5763904452323914,-4.348814573687703,3.68788182699546,4.348814573687703,1.4647836685180664,8.884936814480396,0.368081717701939,A
30.654445300000003,76.7406684,Pothole,9.292264,6.3995953,0.8091758,3,0.0828399658203125,0.5158488154411316,-7.256159565582217,4.260678206151296,7.256159565582217,0.99526846408844,6.894726588692191,0.3580093164388466,A
30.6493824,76.740282,Road Bump,1.1894451,1.1894451,0.5,1,0.0207138061523437,0.4452796578407287,-0.0226364346331333,0.7929634583665273,0.7929634583665273,0.5276260375976562,8.480199664889223,0.1756572119916858,A
30.6500037,76.7414665,Road Bump,1.0392675,1.0392675,0.5,1,0.0414276123046875,0.1148355528712272,-0.2642434895064882,0.6928450442212224,0.6928450442212224,0.8142289519309998,9.468481222177598,0.3922565691865872,A
30.6502816,76.7419308,Road Bump,1.1519845,1.1519845,0.5,1,0.0207138061523437,0.0427001602947711,-0.0292715726835686,0.7679896486087578,0.7679896486087578,1.4136860370635986,10.985186117741122,0.2275450157903072,A
30.6522617,76.7427913,Road Bump,4.0754933,2.9076269,0.5,2,0.0310745239257812,0.3204987943172455,-0.333508949072268,2.716995400338604,2.716995400338604,0.4819032251834869,7.007756012097467,0.1451680340107109,A
30.6529287,76.7421046,Road Bump,0.8111643,0.8111643,0.5,1,0.0103530883789062,0.1128658279776573,0.0,0.5407761961053339,0.5407761961053339,0.2076751589775085,6.291794782995241,0.065139507450291,A
30.654327930000004,76.74080661,Road Bump,9.623358,3.834823,0.5,10,0.11395263671875,0.8078263401985168,0.0,6.415571652827586,6.415571652827586,1.0220637321472168,7.510861703355799,0.1519400229150302,A
30.649528900000004,76.7405649,Rough Patch,1.8685687,0.89130884,0.3,7,0.1035690307617187,0.2889778614044189,-2.335710871563635,3.677376050565469,3.677376050565469,0.986950695514679,8.006894406451057,0.2488694419025576,A
30.6497709,76.7410657,Rough Patch,0.83519423,0.77256924,0.3,2,0.0207176208496093,0.1699099391698837,-1.0439927776767783,0.0,1.0439927776767783,1.043745994567871,8.770988222859753,0.0911621043778052,A
30.650055675,76.741553025,Rough Patch,0.7662225,0.62303066,0.3,4,0.0932121276855468,0.0692522823810577,-0.9577780641348204,1.2852481668780218,1.2852481668780218,0.9964148998260498,9.985739711175505,0.3088567244785261,A
30.6502816,76.7419308,Rough Patch,0.72479963,0.72479963,0.3,1,0.0103569030761718,0.056479275226593,-0.9059995160607794,0.0,0.9059995160607794,0.0137639865279197,10.998133481343151,0.1139066024850717,A
30.651975566666664,76.74316019999999,Rough Patch,0.83630013,0.59515417,0.3,3,0.03106689453125,0.0654026195406913,-1.0453752003623027,0.0,1.0453752003623027,0.6997267007827759,7.222775740571438,0.0755810519161804,A
30.6521786,76.7429015,Rough Patch,0.6658618,0.6658618,0.3,1,0.0103530883789062,0.1242397874593734,-0.8323272078939938,0.0,0.8323272078939938,0.0830283239483833,7.223986432585867,0.0747905699845811,A
30.6526652,76.7423183,Rough Patch,0.6801675,0.6801675,0.3,1,0.0207138061523437,0.0786119177937507,-0.8502093356911216,0.0,0.8502093356911216,0.542555034160614,7.580613485582099,0.1570233582561904,A
30.6535604,76.7417547,Rough Patch,0.44811803,0.44811803,0.3,1,0.0103530883789062,0.2086885869503021,-0.5601475305496475,0.0,0.5601475305496475,0.0724635422229766,5.166456530812089,0.0534887810692749,A
30.6539699,76.7412439,Rough Patch,0.7172916,0.7172916,0.3,1,0.0103530883789062,0.1360345333814621,-0.8966144814616532,0.0,0.8966144814616532,0.1024480462074279,10.256966525884236,0.1061912809419625,A
30.654278141666666,76.74086685833332,Rough Patch,1.8139312,0.9863189,0.3,12,0.258941650390625,0.1898523718118667,-2.26741402059384,2.952479892365062,2.952479892365062,2.1284639835357666,8.127248504139414,0.458631472362285,A
30.65869288333333,76.73718106666666,Hard Braking,4.1864023,0.7592589,0.8,18,0.2381792068481445,0.2686615884304046,-0.6440032974992427,0.965690555396966,0.965690555396966,2.790934801101685,6.567503582710933,0.148883526149873,B
30.66174295454546,76.73505902727271,Rough Patch,1.9475412,0.9001873,0.3,11,0.17596435546875,0.0557058602571487,-0.8471640879799729,1.5059562665102106,1.5059562665102106,1.6229510307312012,4.222296827576487,0.1301554197991382,B
30.65864600277777,76.73721479444443,Minor Anomaly,0.2460723,0.105303384,0.2,36,0.4142901301383972,0.1142224371433258,-0.4851257134326587,0.492144622537884,0.492144622537884,0.997000515460968,5.291970354722178,0.1210705467820929,B
30.65942868,76.73666361,Minor Anomaly,0.19339433,0.08055078,0.2,20,0.2071685791015625,0.0616791769862175,-0.2957534499718264,0.3867886514461549,0.3867886514461549,1.4507834911346436,4.991130189065377,0.0698888637492851,B
30.660321439622653,76.73604063207546,Minor Anomaly,0.23736797,0.08631893,0.2,53,0.5697708129882812,0.3255690634250641,-0.4747359540015416,0.4223808090655438,0.4747359540015416,1.1305524110794067,4.132271360592864,0.0742896063286494,B
30.66078933,76.73571369999999,Minor Anomaly,0.22797538,0.09425537,0.2,10,0.1138916015625,0.0503816492855548,-0.455950754980055,0.2211462087617217,0.455950754980055,0.8566225171089172,3.146468793405583,0.0611538609772245,B
30.66163015064102,76.73513767179487,Minor Anomaly,0.24994856,0.10698084,0.2,156,1.8126678466796875,0.1186037808656692,-0.4949233280457221,0.4998971170568858,0.4998971170568858,1.1927810907363892,3.85641646898505,0.1245834011806831,B
30.65862375,76.73723085,Road Bump,2.1099088,1.3990798,0.5,4,0.0414295196533203,0.0450283028185367,0.0,1.4066059387734082,1.4066059387734082,1.2839401960372925,4.834886677434154,0.0596025177924008,B
30.6588733,76.7370527,Road Bump,1.2766172,1.2766172,0.5,1,0.0103569030761718,0.0257812868803739,0.0,0.8510780776336073,0.8510780776336073,0.0671713650226593,6.701361720755577,0.0694053538202338,B
30.65932173333333,76.73673843333333,Road Bump,1.6559757,1.3226177,0.5,3,0.0414276123046875,0.0588757507503032,-0.0864921694030851,1.103983763193915,1.103983763193915,0.2382475435733795,6.168561795619687,0.1376927789962362,B
30.6595619,76.7365703,Road Bump,0.8589236,0.8589236,0.5,1,0.0206336975097656,0.0225172266364097,-0.0095771245906899,0.5726157242784371,0.5726157242784371,0.5059617757797241,3.1612672826878603,0.0652286328585,B
30.65997695,76.73627665000001,Road Bump,1.1756656,1.1596371,0.5,2,0.0207290649414062,0.0150444395840168,0.0,0.7837770546422806,0.7837770546422806,0.5234631299972534,4.683757919220671,0.0525654582937349,B
30.6604997,76.7359185,Road Bump,1.3619822,1.157775,0.5,2,0.0207061767578125,0.0158458277583122,0.0,0.9079881294723152,0.9079881294723152,0.2845723927021026,4.161491114116799,0.0437565289650736,B
30.66108303333333,76.73551746666666,Road Bump,1.5837903,1.2290992,0.5,3,0.0517578125,0.0268524307757616,-0.2881407176845894,1.055860218610924,1.055860218610924,0.9489412307739258,3.7997595443831655,0.0932196518446977,B
30.661655168000003,76.735121132,Road Bump,2.2935429,1.282312,0.5,25,0.372772216796875,0.1916281282901764,-0.328921917392412,1.529028513923329,1.529028513923329,1.0920639038085938,3.7676018536087694,0.1353549648779549,B
30.6586424,76.73721730000001,Rough Patch,1.175918,0.6069228,0.3,14,0.3210734128952026,0.1009734869003295,-1.469897475103263,0.9143281017610292,1.469897475103263,1.401809573173523,5.427697014573369,0.4519615143077479,B
30.65932935,76.7367332,Rough Patch,0.4400083,0.43044505,0.3,2,0.0207157135009765,0.0454366393387317,-0.5500103761430655,0.0,0.5500103761430655,0.3197667002677917,6.483360952244917,0.068190015241405,B
30.6595619,76.7365703,Rough Patch,0.5133536,0.5133536,0.3,1,0.0103683471679687,0.0194353908300399,-0.6416919923572504,0.0,0.6416919923572504,0.3949733972549438,3.4034937208581795,0.0352886044818593,B
30.6600114,76.7362524,Rough Patch,0.644651,0.644651,0.3,1,0.0103759765625,0.0147880325093865,-0.8058137651988257,0.0,0.8058137651988257,0.1988396346569061,4.950411828090772,0.0513653571029926,B
30.6605231,76.7359027,Rough Patch,0.8690442,0.5724489,0.3,5,0.1035919189453125,0.2983628809452057,-1.0863052136299167,0.4826838019075214,1.0863052136299167,0.7143380045890808,3.4663453394007293,0.1452053134776998,B
30.6607468,76.7357441,Rough Patch,0.7008544,0.608571,0.3,3,0.04144287109375,0.0299481637775897,-0.876068037939822,0.3078904198951608,0.876068037939822,0.5643908977508545,2.8619840565874,0.0591005934669165,B
30.661141,76.7354774,Rough Patch,0.5026157,0.47687542,0.3,3,0.03106689453125,0.0757805779576301,-0.6282696028986194,0.0,0.6282696028986194,0.1000327765941619,4.408881575444165,0.0513496549754457,B
30.66162843142857,76.73513956857144,Rough Patch,1.6946516,0.7168608,0.3,35,0.6835784912109375,0.1164732500910759,-2.118314504501916,2.634639350879837,2.634639350879837,1.290413737297058,3.704446387425449,0.1532008906981225,B
30.6622306,76.7347177,Rough Patch,0.8426162,0.8426162,0.3,1,0.02069091796875,0.0338974669575691,-1.0532702536017755,0.1900060334237263,1.0532702536017755,0.7098336219787598,4.2044453801678525,0.0869938344651429,B
30.6670052,76.7309689,Acceleration,3.125709,3.125709,0.7,1,0.0103530883789062,0.186484009027481,-1.679809074763564,0.0,1.679809074763564,2.083806037902832,11.270618347644602,0.1166857078380868,C
30.6708084,76.7281226,Acceleration,3.961223,3.961223,0.75,1,0.0103530883789062,0.0184967350214719,0.0,0.980189183373282,0.980189183373282,2.640815258026123,15.546223128488595,0.1609514220074388,C
30.6634208,76.7338495,Minor Anomaly,0.27623913,0.27623913,0.2,1,0.0103569030761718,0.1003076881170272,-0.090296134446044,0.0,0.090296134446044,0.2301992624998092,9.767273419241375,0.1011587041215528,C
30.66396045,76.7334302,Road Bump,0.70209205,0.5062659,0.5,2,0.0207138061523437,0.0303457826375961,0.0,1.111654599298136,1.111654599298136,0.5850766897201538,12.797856758298202,0.134296151549001,C
30.665445,76.732192,Rough Patch,1.9769009,1.9769009,0.3,1,0.0103569030761718,0.0376312248408794,-1.9900850660245064,0.0,1.9900850660245064,1.647417426109314,8.568186269925198,0.0887398747362019,C
30.666698666666665,76.73120756666667,Rough Patch,1.6910341,0.81214404,0.3,6,0.0724868774414062,0.1927582770586013,-1.745369364800724,1.1068914910817451,1.745369364800724,1.409195065498352,10.60188868996871,0.2293784551787966,C
30.6675132,76.7305969,Road Bump,1.00614,0.62681234,0.5,2,0.020721435546875,0.1553458720445633,0.0,1.4554810318802645,1.4554810318802645,0.838450014591217,13.231412712621829,0.1390891763479818,C
30.66790317142857,76.73032478571429,Road Bump,1.9024632,0.9351301,0.5,7,0.0724945068359375,0.1469645202159881,-0.3883597825887452,1.8513883762509664,1.8513883762509664,1.585386037826538,14.61211089747354,0.1537730346434059,C
30.6682273,76.7300858,Rough Patch,1.41902,1.1781185,0.3,2,0.0310745239257812,0.2718160152435303,-1.2174317923962006,0.11287116007232,1.2174317923962006,1.1825166940689087,14.847217846337776,0.3084883566763676,C
30.66933031666666,76.7292523,Rough Patch,2.159646,0.9548901,0.3,12,0.1553726196289062,0.2245550602674484,-1.002588584206932,1.891465200241848,1.891465200241848,1.7997050285339355,17.48139537652401,0.5540141502391362,C
30.6700966,76.7286668,Rough Patch,1.0240115,0.67071974,0.3,5,0.0621490478515625,0.180277481675148,-0.9859930883392324,0.4518555809705447,0.9859930883392324,0.8533429503440857,16.56760778174083,0.3426795658595647,C
30.670837175,76.728100225,Rough Patch,2.2038393,1.1976792,0.3,4,0.0414276123046875,0.1454636305570602,-1.9183016548052336,1.3717742948411669,1.9183016548052336,1.836532711982727,15.414903580806392,0.1614242697020507,C
30.6635667,76.7337349,Minor Anomaly,0.18920437,0.12445037,0.2,4,0.0414390563964843,0.1824477910995483,-0.0836613048422121,0.3784087285976429,0.3784087285976429,0.7989931702613831,10.302574163249576,0.108354591801672,C
30.6644026,76.7330712,Minor Anomaly,0.07382088,0.07382088,0.2,1,0.0103569030761718,0.0855004489421844,-0.1476417626274955,0.0,0.1476417626274955,0.3900446891784668,13.9948379970763,0.1449431807024465,C
30.6651085,76.7325036,Minor Anomaly,0.12820113,0.12820113,0.2,1,0.0103569030761718,0.0775244832038879,0.0,0.2564022618626982,0.2564022618626982,0.304905891418457,12.515885531628186,0.129625813363535,C
30.6658861,76.7318299,Minor Anomaly,0.041428097,0.041428097,0.2,1,0.0103607177734375,0.1035884320735931,-0.0828561935127467,0.0,0.0828561935127467,0.0897115468978881,8.808511660088556,0.0912625033142109,C
30.6661548,76.7316227,Minor Anomaly,0.17371598,0.17371598,0.2,1,0.0103530883789062,0.6485259532928467,-0.3474319512170281,0.0,0.3474319512170281,1.3574808835983276,7.761106637764032,0.0803514229388869,C
30.6663536,76.7314704,Minor Anomaly,0.06411135,0.06411135,0.2,1,0.0103607177734375,0.0179853420704603,0.0,0.1282227061520746,0.1282227061520746,0.1073708534240722,6.347297843197581,0.0657625615773186,C
30.6665983,76.7312848,Minor Anomaly,0.24954604,0.14001206,0.2,2,0.0414352416992187,0.8634781241416931,-0.4990920778211629,0.0609561589846805,0.4990920778211629,1.775569200515747,9.809298068974591,0.3055963741847242,C
30.6670052,76.7309689,Minor Anomaly,0.09634153,0.09634153,0.2,1,0.0103530883789062,1.28688645362854,0.0,0.1926830513643054,0.1926830513643054,5.12520694732666,11.25558964382537,0.1165301143392259,C
30.6673596,76.7307034,Minor Anomaly,0.1121491,0.1121491,0.2,1,0.0103607177734375,0.0692063421010971,0.0,0.2242981887018089,0.2242981887018089,1.3600733280181885,12.407855749124794,0.1285542915902059,C
30.6678861,76.7303372,Minor Anomaly,0.09358587,0.09358587,0.2,1,0.0103530883789062,0.1184305921196937,-0.1871717391374181,0.0,0.1871717391374181,0.0969946682453155,14.696263849909926,0.1521517184778424,C
30.6682273,76.7300858,Minor Anomaly,0.14165048,0.14165048,0.2,1,0.020721435546875,0.1056949719786644,0.0,0.2833009517678349,0.2833009517678349,0.8889855742454529,14.90696918433197,0.3088938011523867,C
30.6686926,76.7297294,Minor Anomaly,0.07338065,0.07338065,0.2,1,0.0103530883789062,0.0541304126381874,0.0,0.1467612959711495,0.1467612959711495,0.0984770953655242,15.381944744740204,0.1592506333817478,C
30.6689821,76.72950875000001,Minor Anomaly,0.16269799,0.0867436,0.2,2,0.0207138061523437,0.0503945499658584,-0.3253959705271594,0.0215784436572814,0.3253959705271594,1.17767596244812,16.068134242026403,0.1691151817347528,C
30.669837,76.7288694,Minor Anomaly,0.09448917,0.08316145,0.2,3,0.0310821533203125,0.0729045793414115,-0.1496406437001152,0.188978342519432,0.188978342519432,0.6230809688568115,17.216043846249143,0.1788464436632029,C
30.6705129,76.72835005,Minor Anomaly,0.10409404,0.06319803,0.2,4,0.0414276123046875,0.1594517976045608,-0.2081880917006202,0.1852618312194938,0.2081880917006202,0.4183308780193329,15.828133721796291,0.1643813360944058,C
30.6635667,76.7337349,Pothole,5.913571,4.189414,0.89245003,8,0.1035690307617187,0.415034145116806,-3.603897682055917,3.942380557770175,3.942380557770175,1.0416662693023682,10.326076842418251,0.2140789792258003,C
30.6661548,76.7316227,Pothole,9.103035,5.529115,0.9586842,6,0.0621490478515624,0.424565851688385,-3.8999860522879946,6.06868998864401,6.06868998864401,0.2135720551013946,8.084841870737128,0.0837030824172232,C
30.66666393076923,76.73123476923078,Pothole,10.0,6.0889025,1.0,18,0.4246597290039062,2.410837173461914,-7.307729009733545,34.558604602311256,34.558604602311256,4.396569728851318,10.129760307718056,0.8294040910572277,C
30.6670658,76.73092315,Pothole,10.0,4.6925874,0.95,9,0.1553802490234375,2.064239978790283,-5.260392007314842,10.395203298726004,10.395203298726004,1.5644288063049316,11.428808804817674,0.463470912477896,C
30.6682273,76.7300858,Pothole,5.93122,2.8367867,0.8631789,3,0.0414352416992187,0.756571888923645,-1.2395023607074531,3.954146778740608,3.954146778740608,0.3857688009738922,14.82247095410779,0.3070297900421344,C
30.6684572,76.7299127,Pothole,5.094381,5.094381,0.55,5,0.0517959594726562,0.1421781033277511,-4.0721538254669145,1.1965685517872051,4.0721538254669145,0.2242041230201721,15.173746220699982,0.1572109021584364,C
30.66926523333333,76.72930043333334,Pothole,4.4883947,3.6554387,0.8120172,3,0.0517959594726562,0.3260497748851776,-3.4819018906573023,1.9989217058845397,3.4819018906573023,2.258845090866089,17.258001178934382,0.3600116331082381,C
30.670096600000004,76.7286668,Pothole,10.0,6.400955,0.95,7,0.2175140380859375,0.5469630360603333,-6.713439020780552,9.795154664871532,9.795154664871532,2.273136138916016,16.506242263312743,1.7101764661480086,C
30.6704526,76.7283962,Pothole,4.7520733,4.7520733,0.55,4,0.0621414184570312,0.150362029671669,-3.810012060256814,2.584696363538548,3.810012060256814,1.0140743255615234,15.915965873898218,0.1647794013281241,C
30.6706996,76.7282065,Pothole,5.677783,5.677783,0.55,1,0.0103607177734375,0.2404430210590362,-4.330747386474116,0.0,4.330747386474116,0.4275805056095123,15.589738678606864,0.1615208826106882,C
30.6709235,76.7280331,Pothole,6.227178,3.612179,0.5,3,0.0310745239257812,0.2177176922559738,-2.647286349303129,4.151451934120791,4.151451934120791,0.6655588150024414,15.096188197841306,0.1562921705968525,C
30.6674653,76.7306294,Road Bump,1.024748,1.024748,0.5,1,0.0207138061523437,0.0846385136246681,-0.1676571948843292,0.683165298424445,0.683165298424445,1.257047176361084,12.934670044551176,0.2679262479473605,C
30.6690439,76.7294637,Road Bump,1.1800543,1.1800543,0.5,1,0.0103607177734375,0.0439264848828315,0.0,0.7867028747514748,0.7867028747514748,1.2344439029693604,16.334119537818655,0.1692332026089304,C
30.6694371,76.7291732,Road Bump,3.606891,3.606891,0.5,1,0.0103530883789062,0.0162266623228788,0.0,2.40459392272966,2.40459392272966,0.6261915564537048,17.86444824092466,0.1849522114786893,C
30.669837,76.7288694,Road Bump,2.0903175,2.0903175,0.5,1,0.020721435546875,0.1020086035132408,0.0,1.3935449240908326,1.3935449240908326,0.6751558780670166,17.23477873134089,0.3571293566461323,C
30.663593066666667,76.73371433333334,Rough Patch,0.85811204,0.6894911,0.3,3,0.0310707092285156,0.22379732131958,-1.072640056613892,0.0,1.072640056613892,0.2541535198688507,10.400153778783244,0.1093100007269318,C
30.6644026,76.7330712,Rough Patch,0.46929434,0.46929434,0.3,1,0.0103607177734375,0.095981627702713,-0.586617920172432,0.0,0.586617920172432,0.8631041049957275,13.86659616252163,0.143667889318118,C
30.6661548,76.7316227,Rough Patch,0.4428027,0.4428027,0.3,1,0.0103607177734375,0.2095915377140045,-0.5535033628365653,0.0,0.5535033628365653,0.0756025910377502,8.25363058107479,0.0855135370567288,C
30.6665983,76.7312848,Rough Patch,1.6164961,1.1492345,0.3,2,0.03106689453125,0.2294480949640274,-2.02062014012445,1.2122727290562647,2.02062014012445,0.5114931464195251,9.718200595620468,0.2031879350299525,C
30.6678861,76.7303372,Rough Patch,1.525646,1.525646,0.3,1,0.0103607177734375,0.0601945184171199,-1.907057470267259,0.0,1.907057470267259,0.1445634961128235,14.642596360404267,0.1517078083605117,C
30.6684572,76.7299127,Rough Patch,1.2983903,1.2983903,0.3,1,0.0103607177734375,0.050912044942379,-1.6229877793272331,0.0,1.6229877793272331,0.0380695611238479,15.170432722715818,0.1571765719409796,C
30.6686926,76.7297294,Rough Patch,0.7916892,0.7916892,0.3,1,0.0103607177734375,0.0235347189009189,-0.989611509594531,0.0,0.989611509594531,0.2232263088226318,15.389403053746468,0.1594452617415444,C
30.6689203,76.7295538,Rough Patch,0.4073112,0.4073112,0.3,1,0.0103607177734375,0.0540165044367313,-0.5091390128726418,0.0,0.5091390128726418,0.0368693470954895,15.998052247988062,0.1657513042661116,C
30.6694371,76.7291732,Rough Patch,1.9856541,1.9856541,0.3,1,0.0207138061523437,0.1165168583393096,-2.482067668573694,1.075618421601506,2.482067668573694,0.5130866765975952,17.852223176038954,0.3697874902568493,C
30.669837,76.7288694,Rough Patch,0.6949423,0.6949423,0.3,1,0.0310745239257812,0.0391581505537033,-0.8686778545774683,0.6043183809179506,0.8686778545774683,1.4248521327972412,17.247469272237993,0.5359568965593364,C
30.6704526,76.7283962,Rough Patch,0.8576236,0.8576236,0.3,1,0.0103530883789062,0.0395150482654571,-1.0720294645343174,0.0,1.0720294645343174,0.5326951146125793,15.874940993128236,0.1643546671117783,C
30.6709235,76.7280331,Rough Patch,1.9738783,1.9084713,0.3,2,0.0310745239257812,0.0625109151005745,-2.46734787526842,0.0,2.46734787526842,0.6544822454452515,15.18740352131566,0.3121842483748969,C
30.6748524,76.7249044,Acceleration,3.3064084,3.3064084,0.7,1,0.0103569030761718,0.0406530499458313,0.0,0.3222892514363877,0.3222892514363877,2.2042722702026367,9.32843041194123,0.0966136496292894,D
30.673321539473687,76.7261750526316,Rough Patch,2.275212,0.69996405,0.3,38,0.5178899765014648,0.2751186490058899,-1.923929942968705,1.786854916970258,1.923929942968705,1.8960100412368772,9.005890436682089,0.2209309870217809,D
30.6738785,76.7257284,Hard Braking,3.0878778,0.97940016,0.7,6,0.0828590393066406,0.1186171248555183,-1.1432630327086295,1.4035481045488876,1.4035481045488876,2.0585851669311523,8.26609042624984,0.1746462876179196,D
30.674163017391304,76.72549659130435,Rough Patch,1.573345,0.52291626,0.3,23,0.3003807067871094,0.2868057489395141,-1.4826141411219869,1.000683980261769,1.4826141411219869,1.3111207485198977,7.43220908810698,0.1554845653292533,D
30.6745098,76.7252048,Road Bump,0.59527403,0.50223565,0.5,2,0.0414314270019531,0.1836042255163192,-0.3605202395973323,1.7099831798519125,1.7099831798519125,0.4960616827011108,9.123255282429216,0.1891609942322561,D
30.6751238,76.7246748,Rough Patch,0.99802,0.35318953,0.3,5,0.0621452331542968,0.0938121452927589,-0.91071320457851,1.1431714555074368,1.1431714555074368,0.831683337688446,9.125831709494523,0.190001248719236,D
30.6755538,76.7243027,Road Bump,0.587983,0.4262595,0.5,3,0.0310783386230468,0.0866276547312736,-0.0171442620644661,0.6389841460336108,0.6389841460336108,0.4899858236312866,7.0496886834226204,0.0747541138413432,D
30.676110616666666,76.72380607083333,Rough Patch,2.088321,0.8266327,0.3,24,0.3728713989257812,0.2599134743213653,-1.5920987300126956,1.4251084101189375,1.5920987300126956,1.7402675151824951,12.18997071325192,0.6341834436676076,D
30.676634084210534,76.72339119736846,Rough Patch,2.217954,0.6997319,0.3,38,0.4660835266113281,0.2628306150436401,-1.9991604533433571,1.922167871709183,1.9991604533433571,1.8482948541641235,11.793817161073354,0.3569562307588021,D
30.677273789743587,76.7228523923077,Rough Patch,2.3372123,0.9839281,0.3,39,0.5489349365234375,0.2866333127021789,-1.90544239747128,1.8889139423603252,1.90544239747128,1.94767701625824,9.584189345674488,0.3262496810557104,D
30.67850594210526,76.72180785789475,Rough Patch,2.0175562,0.83997774,0.3,19,0.3004150390625,0.2572238445281982,-1.757762106121464,1.4541884023663665,1.757762106121464,1.6812968254089355,2.715231337385273,0.0815482902810096,D
30.67355262962963,76.72598781481483,Minor Anomaly,0.24766639,0.12259232,0.2,54,0.6421556025743484,0.8572552800178528,-0.4953327911376135,0.48453545560041,0.4953327911376135,2.7886996269226074,7.767095297977231,0.2082507741824417,D
30.67482746896552,76.72492863103447,Minor Anomaly,0.23604627,0.09713553,0.2,29,0.341796875,0.2037287205457687,-0.4720925318893476,0.4320828689615812,0.4720925318893476,1.660884141921997,9.388222001882388,0.2003422381100432,D
30.67575514545455,76.7241137060606,Minor Anomaly,0.23961881,0.09308878,0.2,33,0.3521575927734375,0.1086392402648925,-0.4792376124198352,0.452363496229589,0.4792376124198352,1.1689283847808838,9.392490717717124,0.1776788669369426,D
30.6763552,76.723614,Minor Anomaly,0.17584255,0.17584255,0.2,1,0.0103569030761718,0.0398511998355388,-0.3516850955605282,0.0,0.3516850955605282,0.024649191647768,11.635398606721298,0.1205066956224377,D
30.6766126,76.7234105,Minor Anomaly,0.1549248,0.10994886,0.2,2,0.0207176208496093,0.2252543568611145,0.0,0.3098495752696308,0.3098495752696308,1.0421855449676514,11.88828599033317,0.1232409469387461,D
30.6769563,76.7231185,Minor Anomaly,0.05933197,0.03382765,0.2,3,0.0310707092285156,0.0347118005156517,-0.1186639387293437,0.0,0.1186639387293437,0.3009750247001648,11.330674776540684,0.1190371437190765,D
30.67715905,76.7229459,Minor Anomaly,0.23544788,0.15143189,0.2,2,0.0207138061523437,0.0274144299328327,-0.1348317673202057,0.4708957702880116,0.4708957702880116,0.465772271156311,10.847575848589129,0.1145381528918407,D
30.677551516666664,76.72262883333333,Minor Anomaly,0.15089336,0.08013193,0.2,6,0.0621490478515625,0.028969595208764,-0.2597706521312251,0.3017867077435223,0.3017867077435223,0.6327567100524902,7.401322938374052,0.08543985528155,D
30.67815,76.722099,Minor Anomaly,0.20258437,0.20258437,0.2,1,0.010345458984375,0.0159240048378705,0.0,0.4051687377619402,0.4051687377619402,0.1526058465242386,2.283010336381267,0.0236187897959365,D
30.678531525,76.72178632500001,Minor Anomaly,0.23531,0.12558919,0.2,4,0.04144287109375,0.3973141014575958,-0.2684295916009889,0.4706200191225296,0.4706200191225296,0.6221470832824707,3.144537467936732,0.0341411983529663,D
30.67328087333334,76.72620566666667,Pothole,7.315713,2.8323767,0.88779175,29,0.5800344944000243,1.1542677879333496,-2.544998168269648,4.8771418557678725,4.8771418557678725,1.2481738328933716,8.764523318473163,0.5966643133404913,D
30.6736675,76.7258966,Pothole,3.9278958,3.9278958,0.55,4,0.0621471405029296,0.1003578677773475,-3.14848967525399,0.9589949776188949,3.14848967525399,0.8223814964294434,10.620983615013408,0.2200212536671841,D
30.674357911764705,76.7253337117647,Pothole,10.0,6.5416403,1.0,21,0.8493385314941406,2.0488061904907227,-24.01028252977306,30.1829148865519,30.1829148865519,4.544564247131348,8.36429097135807,1.5207185933154606,D
30.6748524,76.7249044,Pothole,3.079573,1.9417558,0.73624927,9,0.1242828369140624,0.3426506817340851,-1.6765237390879415,2.0530485926414315,2.0530485926414315,1.516250729560852,9.319915191148736,0.1930964965152063,D
30.675941833333336,76.72394653333333,Pothole,4.683682,3.338544,0.83688045,12,0.1553649902343749,0.3165203630924225,-3.7545667464370087,2.2719042162600385,3.7545667464370087,1.0224995613098145,11.470067715321091,0.2499811351136302,D
30.67668756,76.72334753999999,Pothole,6.092129,4.102287,0.92825454,11,0.22788238525390608,0.495327889919281,-4.466378659377205,3.654517584891723,4.466378659377205,2.2867705821990967,12.017567177286969,0.5003582663038084,D
30.67724363333333,76.72287663333333,Pothole,5.537837,3.7460327,0.79460937,12,0.1760635375976562,0.3505314290523529,-3.569161665174308,3.691891266712645,3.691891266712645,1.4810469150543213,9.795041431576676,0.3944892615426761,D
30.6740564,76.72558584000001,Road Bump,3.1185,1.5883443,0.5,5,0.0621471405029296,0.3930757939815521,-0.3054865803440352,2.0790000401844715,2.0790000401844715,1.4291019439697266,7.29706824917856,0.1512245463195642,D
30.6746471,76.7250866,Road Bump,5.245322,3.3397777,0.5,3,0.0828628540039062,0.4781219959259033,-0.4480149562651601,3.496881515598952,3.496881515598952,1.3297629356384275,9.523653554075246,0.3944069686854461,D
30.675599,76.7242563,Road Bump,1.3410372,1.155028,0.5,2,0.0310707092285156,0.2171787023544311,-0.1926980512535374,0.8940247913226145,0.8940247913226145,1.1790335178375244,6.691600457908862,0.1389681600813871,D
30.6781846,76.722068,Road Bump,0.8421575,0.8421575,0.5,1,0.0103302001953125,0.0237373560667037,0.0,0.561438313678984,0.561438313678984,0.6415091753005981,2.3713182301936278,0.0244961920446943,D
30.67295215,76.726463,Rough Patch,0.4832208,0.44875443,0.3,2,0.0206945538520813,0.1304879784584045,-0.6040259813052025,0.0,0.6040259813052025,1.224225997924805,4.282419661846781,0.0612443278240758,D
30.673162,76.7262961,Rough Patch,2.0887825,1.0936023,0.3,4,0.051788330078125,0.1490369290113449,-2.610978272796264,0.0,2.610978272796264,2.0076167583465576,8.280837419709005,0.1797636789570353,D
30.673560108333337,76.72598611666666,Rough Patch,1.0701693,0.74647254,0.3,12,0.1760826110839843,0.1959267258644104,-1.337711729300512,0.8264417643365771,1.337711729300512,1.4370678663253784,10.205574573840886,0.5477834108773673,D
30.67403804285714,76.72560085714285,Rough Patch,1.846835,1.118941,0.3,7,0.0828628540039062,0.2182996422052383,-2.3085437662479578,0.476068663109352,2.3085437662479578,0.8340867757797241,7.29890031683316,0.1508391803232226,D
30.674347125,76.725344225,Rough Patch,0.74643904,0.61714447,0.3,4,0.1035804748535156,0.2880657613277435,-0.9330488214084188,2.718780188802832,2.718780188802832,2.597226619720459,8.095472991920085,0.2637635327149576,D
30.67459235,76.725134075,Rough Patch,0.9135239,0.69781816,0.3,4,0.0621471405029296,0.2216627895832061,-1.141904856799071,3.324451093646441,3.324451093646441,1.3842222690582275,9.522969800137856,0.1968603103116078,D
30.67500288,76.7247766,Rough Patch,1.1488037,0.844865,0.3,5,0.0725059509277343,0.1781723797321319,-1.436004608806286,0.5007324669557445,1.436004608806286,1.1028671264648438,9.386642783927162,0.2903093895515012,D
30.67582556923077,76.72404900769233,Rough Patch,2.3125103,0.7719532,0.3,13,0.1968040466308593,0.1193986162543296,-2.8906378792038865,0.7534592665714328,2.8906378792038865,1.0131611824035645,9.770679975692753,0.3149787562175234,D
30.676668820000003,76.72336327999999,Rough Patch,1.4836736,0.9541569,0.3,5,0.0932121276855468,0.2522802054882049,-1.854592010937239,1.0989876205894564,1.854592010937239,1.04135000705719,11.97206011608049,0.4961858914934992,D
30.6768735,76.7231893,Rough Patch,0.89989024,0.89989024,0.3,1,0.0103607177734375,0.0089652370661497,-1.1248627733350691,0.0,1.1248627733350691,0.3314800858497619,11.642774610824398,0.1206275018424952,D
30.67723165,76.72288645,Rough Patch,1.6630276,1.0703781,0.3,2,0.0310745239257812,0.1095579862594604,-2.078784505180304,1.0130364695872611,2.078784505180304,1.644067883491516,9.989027897168851,0.1941334653624892,D
30.6935267,76.7130658,Acceleration,3.2671976,3.2671976,0.7,1,0.0103607177734375,0.1507569998502731,0.0,1.3713463850628944,1.3713463850628944,2.1781318187713623,7.723289561952489,0.0800188234339254,E
30.6965423,76.7105691,Acceleration,3.5128284,3.5128284,0.7,1,0.0103759765625,0.1264223754405975,0.0,0.0428349897890303,0.0428349897890303,2.341885566711426,9.470917521729904,0.09827001823084,E
30.7013629,76.7071261,Acceleration,4.170986,4.170986,0.75,1,0.010345458984375,0.2239685505628585,0.0,0.0177045456092095,0.0177045456092095,2.780657291412353,6.267546632274175,0.0648406466168501,E
30.7033046,76.7054779,Acceleration,3.1417344,3.1417344,0.7,1,0.0103759765625,0.144437164068222,0.0,0.189696409343048,0.189696409343048,2.094489574432373,6.388248683369092,0.0662843186140591,E
30.6920413,76.71330190000002,Road Bump,1.3442459,0.5268054,0.5,6,0.0621185302734375,0.0961874127388,-0.1907506525914204,0.9762706084495498,0.9762706084495498,1.1202049255371094,8.789976042488012,0.0924889999287712,E
30.6931867,76.7133503,Minor Anomaly,1.5413177,1.5413177,0.2,1,0.0103607177734375,0.1354992538690567,0.0,0.1679620297724842,0.1679620297724842,1.2844314575195312,7.2762021666419345,0.0753866771110515,E
30.6935267,76.7130658,Rough Patch,0.21515207,0.21515207,0.3,1,0.0103607177734375,0.2249630391597747,-1.2443399191773876,0.0,1.2443399191773876,0.1792933940887451,7.743998579032193,0.0802333837152535,E
30.696319305000003,76.710753725,Rough Patch,1.8410201,0.9163016,0.3,20,0.290069580078125,0.1627734899520874,-1.9418365122780437,1.9108140236401443,1.9418365122780437,1.534183382987976,8.757667157068553,0.268025320542657,E
30.69706653333333,76.71010873333334,Minor Anomaly,1.8742361,0.93711036,0.2,3,0.03106689453125,0.0256476309150457,-0.4354586770077855,0.2273806673750904,0.4354586770077855,1.5618634223937988,8.719031045904932,0.0916350322533654,E
30.69754722,76.70970453999999,Rough Patch,1.117813,0.68117917,0.3,5,0.051788330078125,0.1432312130928039,-1.5675005789613,0.0160539340394674,1.5675005789613,0.9315108060836792,10.47186666235498,0.1110928559094631,E
30.69940694285714,76.70875512857141,Rough Patch,1.8095948,0.89851147,0.3,7,0.0828857421875,0.1526915729045868,-0.7680320549689004,0.7185792107633748,0.7680320549689004,1.50799560546875,6.8527261555832695,0.1429827358419028,E
30.6998565,76.7083881,Road Bump,1.0114751,0.5310898,0.5,3,0.03106689453125,0.0707110986113548,0.0,0.9163353680777782,0.9163353680777782,0.8428958654403687,8.809618930913267,0.0932879334115826,E
30.700672366666662,76.70771033333334,Rough Patch,1.2361653,0.54782695,0.3,6,0.0621337890625,0.1809504628181457,-1.3571396356275969,1.757214162800965,1.757214162800965,1.0301377773284912,9.14726997533271,0.0997280137006094,E
30.70143933636364,76.70706126363636,Hard Braking,3.0694213,0.9230099,0.7,11,0.114013671875,0.1149199530482292,-0.9179064127558992,1.551105909106555,1.551105909106555,2.046280860900879,7.333963568853903,0.0844377751199347,E
30.702091325,76.706532925,Hard Braking,3.6196485,1.5961528,0.7,8,0.113922119140625,0.2358617335557937,-1.3190078403314542,0.8807784842025121,1.3190078403314542,2.4130990505218506,5.5758176491873055,0.1732049730456569,E
30.70283876666667,76.70588613333334,Rough Patch,2.3645632,1.2009076,0.3,3,0.03106689453125,0.2591021656990051,-0.6069642009984255,0.4498564037578383,0.6069642009984255,1.970469355583191,9.804343394750063,0.1024000305281693,E
30.70342965,76.70537386666668,Rough Patch,1.7213837,0.9756786,0.3,6,0.07244873046875,0.178408607840538,-1.4363223433011765,1.6364424006889635,1.6364424006889635,1.4344863891601562,7.810280063052292,0.1317882148692133,E
30.7040638,76.7048442,Rough Patch,0.09034463,0.09034463,0.3,1,0.0103759765625,0.1209568679332733,-0.9656360186240986,0.0,0.9656360186240986,0.0752871930599212,7.192839299657714,0.0746327319910773,E
30.70432295,76.704625475,Road Bump,0.41130573,0.29662305,0.5,4,0.04144287109375,0.070681408047676,-0.2623601136244033,0.5953316148910943,0.5953316148910943,0.3427547812461853,9.059389085639072,0.0973324591570503,E
30.69081445,76.71155905,Minor Anomaly,0.22025137,0.1964253,0.2,2,0.0207138061523437,0.1674893200397491,-0.3451984950800044,0.4405027222959319,0.4405027222959319,0.8543758392333984,4.51885124199506,0.048501539820011,E
30.6912467,76.711986,Minor Anomaly,0.18367563,0.18367563,0.2,1,0.020721435546875,0.0779851824045181,-0.3673512771420775,0.1796588610965059,0.3673512771420775,1.0001403093338013,5.476240272746743,0.1134755598509228,E
30.6916663,76.7126876,Minor Anomaly,0.117078155,0.117078155,0.2,1,0.0103759765625,0.0360058397054672,-0.2341563044012993,0.0,0.2341563044012993,0.17306649684906,2.5127689846085794,0.0260724320912755,E
30.69201905,76.71326540000001,Minor Anomaly,0.06413696,0.034753755,0.2,2,0.020721435546875,0.0943524837493896,0.0,0.1282739143728584,0.1282739143728584,0.2942734360694885,8.40465095985505,0.0886344209452149,E
30.6927552,76.713482,Minor Anomaly,0.17175403,0.09101501,0.2,2,0.02069091796875,0.1156796514987945,-0.0205519868719203,0.3435080669016006,0.3435080669016006,0.5666745901107788,2.539274794435685,0.0267473870871312,E
30.6930626,76.71345275,Minor Anomaly,0.19370817,0.08046937,0.2,4,0.0414581298828125,0.1405767351388931,-0.3874163313449887,0.1051877005735644,0.3874163313449887,0.4521567821502685,5.569451741588335,0.0700404478377377,E
30.6938138,76.7128206,Minor Anomaly,0.1147912,0.10328682,0.2,2,0.020721435546875,0.2813474833965301,-0.2295823999232871,0.1835648832134424,0.2295823999232871,0.9491279125213624,6.620987756761722,0.0690469926271122,E
30.6958958,76.7110988,Minor Anomaly,0.03440427,0.03440427,0.2,1,0.010345458984375,0.0355049185454845,-0.0688085388335419,0.0,0.0688085388335419,0.9514223337173462,5.91195276742105,0.0611618648729167,E
30.6985943,76.7088497,Minor Anomaly,0.052577164,0.049090512,0.2,2,0.020721435546875,1.1953468322753906,-0.105154328739343,0.0,0.105154328739343,2.8085474967956543,8.577135031417583,0.0888694164515435,E
30.6990799,76.7088276,Minor Anomaly,0.044301476,0.02510069,0.2,2,0.02069091796875,0.4722928702831268,-0.0117998010722288,0.0886029544082838,0.0886029544082838,0.2960185110569,5.50543281332811,0.0570151752435428,E
30.6993202,76.7088295,Minor Anomaly,0.23563758,0.08832375,0.2,4,0.041412353515625,0.0380490012466907,0.0,0.4712751538451289,0.4712751538451289,0.7929550409317017,5.209907408483316,0.0555982629641814,E
30.6997372,76.708495,Minor Anomaly,0.10419119,0.10419119,0.2,1,0.010345458984375,0.0845050513744354,0.0,0.2083823847234587,0.2083823847234587,0.1093681752681732,7.4819840805025315,0.0774045594265856,E
30.6999265,76.7083286,Minor Anomaly,0.07766286,0.07766286,0.2,1,0.010345458984375,0.0333312563598156,0.0,0.1553257274108705,0.1553257274108705,0.6356953382492065,9.443261624313664,0.0976948758130594,E
30.7001363,76.7081548,Minor Anomaly,0.22194415,0.17194802,0.2,3,0.041412353515625,0.098823606967926,-0.4438882949695566,0.2450170052727713,0.4438882949695566,1.0283691883087158,10.275030480502489,0.2135984079323369,E
30.7006262,76.7077482,Minor Anomaly,0.029675681,0.029675681,0.2,1,0.010345458984375,0.0409320369362831,-0.0593513605680753,0.0,0.0593513605680753,0.0599330961704254,8.696855988464533,0.0899729669216759,E
30.7015027,76.70700688,Minor Anomaly,0.21161126,0.1363545,0.2,5,0.051727294921875,0.148982748389244,-0.2442968170582578,0.4232225055512781,0.4232225055512781,0.3353927433490753,8.114870597706908,0.0882554496252291,E
30.7023408625,76.70629725,Minor Anomaly,0.24803174,0.1432666,0.2,8,0.103607177734375,0.5832831859588623,-0.4340974922273535,0.4960634599824516,0.4960634599824516,0.8565946817398071,8.790946908879313,0.1854457946386855,E
30.7029515,76.705792,Minor Anomaly,0.068602346,0.068602346,0.2,1,0.010345458984375,0.3199196457862854,-0.1372046891078282,0.0,0.1372046891078282,0.9107503294944764,9.041497681994596,0.0935384434263967,E
30.704268133333333,76.70467140000001,Minor Anomaly,0.21512091,0.13098659,0.2,3,0.03106689453125,0.09412332624197,-0.4302418272510886,0.1856574485900424,0.4302418272510886,0.779149055480957,8.591332798676866,0.0894554484472981,E
30.6905989,76.7116093,Pothole,8.525982,7.3472304,1.0,5,0.1243057250976562,2.461787462234497,-5.605354972945377,8.27494480256489,8.27494480256489,5.784756660461426,3.9405156616092114,0.1632762188583345,E
30.6927552,76.713482,Pothole,5.479265,3.387209,0.82677954,5,0.1138763427734375,0.5997925996780396,-1.9315274661056727,3.652843330089538,3.652843330089538,0.5481800436973572,2.571437857844624,0.1862581712522648,E
30.69313475,76.7133934,Pothole,4.7584233,4.3512106,0.55,11,0.18646240234375,0.2688799500465393,-3.57730935039927,3.172282248334984,3.57730935039927,2.0287442207336426,6.550027661098885,0.2267010297325839,E
30.693486499999995,76.7130988,Pothole,10.0,9.504001,1.0,5,0.227874755859375,0.8640961647033691,-20.88642387803809,37.84564717185312,37.84564717185312,2.7422842979431152,7.844095466647221,0.6501583858008358,E
30.6938138,76.7128206,Pothole,5.375369,4.1899743,0.947457,6,0.113922119140625,0.3522498309612274,-3.892391169768552,8.610206782209954,8.610206782209954,0.5544702410697937,6.658993641549078,0.2754415587551324,E
30.696338399999995,76.710736,Pothole,10.0,7.6492033,1.0,7,0.24859619140625,1.57064950466156,-9.730741798937554,12.90073932185734,12.90073932185734,5.242832660675049,9.256996876590984,0.5758074629824479,E
30.6965423,76.7105691,Pothole,10.0,6.8470316,1.0,5,0.238250732421875,0.8393582105636597,-9.99923079377801,34.356921472263494,34.356921472263494,3.6096303462982178,9.51404894970375,1.1853613935056655,E
30.697447,76.7097878,Pothole,2.682797,2.682797,0.5,1,0.010345458984375,0.2262850254774093,-1.8585224129262423,0.0,1.8585224129262423,0.14739590883255,9.786925074674166,0.1012502319431928,E
30.6985943,76.7088497,Pothole,10.0,2.8432856,0.8869242,4,0.041412353515625,3.454479455947876,-0.658055387055124,6.813806873194327,6.813806873194327,4.7512736320495605,8.616287798086779,0.0891394520126775,E
30.6990559,76.70878735000001,Pothole,10.0,7.729791,1.0,10,0.269256591796875,2.4021496772766118,-6.2756426070523466,16.732641592683848,16.732641592683848,9.181478500366213,5.559373828433187,0.4608748984269085,E
30.699432858333328,76.70873418333332,Pothole,10.0,6.811022,1.0,16,0.5179443359375,7.273996353149414,-24.78515054170766,21.86626055345012,24.78515054170766,10.54292106628418,6.811197096807093,1.1034722777412276,E
30.70026466666666,76.70804763333332,Pothole,10.0,6.482923,1.0,16,0.631866455078125,6.182036876678467,-17.955469993364606,34.88013243211783,34.88013243211783,8.489361763000488,10.449670940389767,2.9477268470093207,E
30.7005217,76.70783606666667,Pothole,10.0,7.2551794,1.0,10,0.424652099609375,2.160534381866455,-11.218893366944732,30.393261294290745,30.393261294290745,4.680490970611572,8.6465838242631,0.8960168483249555,E
30.7007597,76.7076374,Pothole,4.7389426,4.7389426,0.55,1,0.020721435546875,0.0646464526653289,-3.841374920992089,1.986354055795653,3.841374920992089,0.7885202169418335,9.55026369288714,0.1978951735678212,E
30.7013876,76.70710525,Pothole,10.0,7.916418,0.55,5,0.072479248046875,0.2481236904859542,-8.942387320465784,4.710390779987572,8.942387320465784,1.0000214576721191,6.761096460158253,0.2252721700526459,E
30.70292394,76.70581502,Pothole,10.0,5.458806,1.0,17,0.372772216796875,1.778533101081848,-8.51322102157236,27.535871058225982,27.535871058225982,4.560934066772461,9.231368259951854,1.0395112407631415,E
30.703321360000007,76.70546531999999,Pothole,10.0,6.241041,1.0,23,0.694000244140625,4.24898624420166,-13.496449727296875,39.675338258391214,39.675338258391214,19.77985954284668,7.050248557553959,1.1336002249711574,E
30.7040638,76.7048442,Pothole,10.0,6.7969413,0.95,6,0.165771484375,0.3740139901638031,-7.206464711288694,21.11140333859185,21.11140333859185,1.3057165145874023,7.224302021545992,0.3740502769746226,E
30.692011633333333,76.71325323333333,Road Bump,1.4884181,1.2062088,0.5,3,0.051788330078125,0.0694646537303924,-0.1460916776493324,0.9922787080199988,0.9922787080199988,0.9703359603881836,8.5000198855034,0.1780839783640871,E
30.6950961,76.7117718,Road Bump,1.2109536,1.2109536,0.5,1,0.010345458984375,0.0870353579521179,0.0,0.8073023661667982,0.8073023661667982,1.3852049112319946,5.6812418394912765,0.0587750544307721,E
30.6995212,76.7086608,Road Bump,10.0,8.267004,0.5,4,0.0517578125,0.7492026090621948,0.0,17.748754689134035,17.748754689134035,3.637673854827881,7.085695107688086,0.1492222618557361,E
30.6997372,76.708495,Road Bump,1.1321925,1.1321925,0.5,1,0.010345458984375,0.0490636453032493,0.0,0.7547949991660516,0.7547949991660516,0.0659704804420471,7.457759303879044,0.0771539429936217,E
30.7020605,76.7065612,Road Bump,0.76993805,0.76993805,0.5,1,0.020721435546875,0.4002611935138702,-0.0442822081458444,0.5132920271889319,0.5132920271889319,0.7074581384658813,4.86147174385062,0.1007366734031546,E
30.70236988333333,76.70627333333333,Road Bump,4.319933,2.0192776,0.5,6,0.072540283203125,0.5662121176719666,-0.1566872655842406,2.8799551664933265,2.8799551664933265,1.6564781665802002,8.961074962006146,0.1892759127614385,E
30.7042262,76.7047062,Road Bump,1.1880789,1.1880789,0.5,1,0.0103759765625,0.050153337419033,0.0,0.7920525828821816,0.7920525828821816,0.5263351202011108,8.362384761866634,0.0867679082957353,E
30.6917571,76.7128387,Rough Patch,1.1369821,0.7638529,0.3,3,0.051788330078125,0.0749661847949028,-1.421227551474841,0.2844969490945281,1.421227551474841,0.956491768360138,5.485244424187748,0.1163242874769326,E
30.692026466666665,76.71327756666668,Rough Patch,0.96410155,0.673148,0.3,3,0.072479248046875,0.1251020580530166,-1.205126963612086,2.5351478324521075,2.5351478324521075,1.5361850261688232,8.660030294532195,0.2628841056657513,E
30.6930932,76.71342794,Rough Patch,1.7424762,1.1502657,0.3,5,0.0932769775390625,0.1862074136734008,-2.1780952683502166,2.241727259631446,2.241727259631446,1.1166441440582275,5.977003575594541,0.1752197577393854,E
30.6935267,76.7130658,Rough Patch,1.7870495,1.7870495,0.3,1,0.03106689453125,0.1320711374282837,-2.2338119353840806,0.5779683329445913,2.2338119353840806,1.4960665702819824,7.7771325995827185,0.2416113582267824,E
30.6938138,76.7128206,Rough Patch,0.69052786,0.69052786,0.3,1,0.0207061767578125,0.1394052654504776,-0.8631598302754506,0.0,0.8631598302754506,0.3870277106761932,6.6342387950402735,0.1373697211436409,E
30.699344371428573,76.7088085857143,Rough Patch,2.0704644,0.972259,0.3,7,0.13470458984375,0.2042358517646789,-2.588080475955242,5.081008640331712,5.081008640331712,1.058147430419922,6.154172704048981,0.2053776210033516,E
30.699946166666667,76.70831270000001,Rough Patch,0.5718928,0.51265115,0.3,3,0.041412353515625,0.0510611571371555,-0.7148659772883592,0.4736790928536489,0.7148659772883592,1.1365103721618652,9.264209966036413,0.1993403395871854,E
30.7002904,76.7080261,Rough Patch,1.7982677,1.7982677,0.3,1,0.010345458984375,0.0621081925928592,-2.247834601021877,0.0,2.247834601021877,1.0093886852264404,10.37459842277918,0.1073299824622235,E
30.7006262,76.7077482,Rough Patch,0.53660035,0.53660035,0.3,1,0.010345458984375,0.0365381985902786,-0.6707504313014292,0.0,0.6707504313014292,0.1919179260730743,8.863890093502912,0.0917010114043422,E
30.7014145,76.7070825,Rough Patch,1.7149328,1.1172069,0.3,2,0.031036376953125,0.1319647878408432,-2.143665971826038,4.677104115188325,4.677104115188325,0.602554202079773,6.876377449935963,0.1549486992252325,E
30.7023907,76.7062543,Rough Patch,1.0137469,1.0137469,0.3,1,0.0103759765625,0.1148980110883712,-1.267183520484723,0.0,1.267183520484723,0.4282502233982086,9.017010451119305,0.0935602891046314,E
30.7145432,76.7095368,Acceleration,4.6442904,4.6442904,0.75,1,0.0103569030761718,0.175528347492218,0.0,0.8079434796560445,0.8079434796560445,3.096193552017212,11.93395373664496,0.123598802165951,F
30.7165741,76.7080495,Acceleration,4.360071,4.360071,0.75,1,0.020721435546875,0.2897667586803436,-1.030588524827535,0.8676404755353584,1.030588524827535,2.906713962554932,4.584505109653744,0.0949975271440091,F
30.71066364,76.71275980666665,Rough Patch,1.5177968,0.6923949,0.3,15,0.2175140380859375,0.2697899341583252,-1.9070200506490105,1.9157161072958644,1.9157161072958644,1.2648305892944336,8.412686650154257,0.2494813643698306,F
30.711652028571425,76.71195854285713,Rough Patch,2.199476,1.0405805,0.3,21,0.31072998046875,0.1603329479694366,-1.3737023163529685,1.8524375516563405,1.8524375516563405,1.832896709442139,11.663146658748555,0.3715906241100192,F
30.7123131,76.711404,Rough Patch,1.054225,1.054225,0.3,1,0.0103569030761718,0.0383866727352142,-0.713948955041257,0.0,0.713948955041257,0.8785208463668823,12.357808564011394,0.1279886255313527,F
30.7127455,76.711043,Rough Patch,0.82854795,0.36419263,0.3,3,0.0414314270019531,0.187191367149353,-1.4969732322758755,0.6759233237040956,1.4969732322758755,0.6904566287994385,11.657904498985893,0.241290690658886,F
30.713042071428568,76.71079619999999,Rough Patch,1.587534,0.9650453,0.3,7,0.0828628540039062,0.2987821102142334,-1.610110483411253,0.688505418780144,1.610110483411253,1.32294499874115,11.500245292319835,0.2395371790510876,F
30.7133191,76.7105657,Rough Patch,0.9107104,0.9107104,0.3,1,0.0103569030761718,0.1061755940318107,-1.9817983143253013,0.0,1.9817983143253013,0.7589253187179565,9.78443230535489,0.1013364170419255,F
30.714220985714284,76.70980901428572,Rough Patch,1.7265764,0.58399343,0.3,14,0.1864356994628906,0.2615700364112854,-1.460069584321941,1.2688681946957416,1.460069584321941,1.4388136863708496,12.278938655190416,0.2595069972981147,F
30.7145726,76.70951223333333,Rough Patch,1.7219845,0.96548694,0.3,3,0.0310707092285156,0.2636982798576355,-0.6906865757858611,0.0,0.6906865757858611,1.4349870681762695,11.975239229507878,0.124463575879407,F
30.7149011,76.7092373,Road Bump,1.0429873,0.4282303,0.5,3,0.0310745239257812,0.0629789978265762,-0.0528728681882011,1.584760740550136,1.584760740550136,0.8691561222076416,12.58055505167622,0.1305450478976126,F
30.7156518,76.7086049,Road Bump,0.91934466,0.5169801,0.5,2,0.0207138061523437,0.1298780739307403,0.0,0.5443041017925925,0.5443041017925925,0.7661205530166626,10.123096301931662,0.1058104216873297,F
30.71696145652173,76.70864549565214,Hard Braking,3.0376506,0.8455741,0.7,23,0.3003463745117187,0.1526300311088562,-1.493397740683973,0.9624649707948087,1.493397740683973,2.0251004695892334,9.050319915745016,0.2160099567163373,F
30.717735125,76.70987285000001,Rough Patch,0.9654157,0.5428565,0.3,4,0.0414276123046875,0.0781194046139717,-0.8219417954333341,0.1387258383020331,0.8219417954333341,0.8045130968093872,8.856795758455567,0.0941883159084543,F
30.7180325,76.71035579999999,Hard Braking,3.0815973,1.3187821,0.7,10,0.14501953125,0.186649665236473,-1.9458745672009488,1.4761542451298553,1.9458745672009488,2.05439829826355,9.198437506357516,0.2174045091875207,F
30.7184152,76.7109805,Minor Anomaly,1.0339981,1.0339981,0.2,1,0.010345458984375,0.0317601114511489,0.0,0.2057057179335295,0.2057057179335295,0.8616651296615601,7.226427302852088,0.0747607072652239,F
30.71871755,76.71147243749999,Rough Patch,1.8670822,0.8568574,0.3,8,0.093231201171875,0.2062668651342392,-1.4071174293823931,1.813636163006235,1.813636163006235,1.5559018850326538,10.276830106445404,0.2282245524090596,F
30.719094344444443,76.71206843333334,Rough Patch,1.5473211,0.6711114,0.3,9,0.09320068359375,0.2171635627746582,-0.9467651916121724,1.1344431711783756,1.1344431711783756,1.2894341945648191,9.934991509820374,0.1093348975270402,F
30.71051673333333,76.7128781,Minor Anomaly,0.16864318,0.07545135,0.2,3,0.0310268402099609,0.1061246320605278,-0.1062333185072041,0.3372863581527703,0.3372863581527703,0.7224805355072021,6.193880178228207,0.0687522268784805,F
30.7131654,76.7106936,Minor Anomaly,0.074771285,0.074771285,0.2,1,0.0103569030761718,0.6735484600067139,-0.1495425668124825,0.0,0.1495425668124825,0.02492555975914,10.427047258117838,0.1079919178229901,F
30.7133191,76.7105657,Minor Anomaly,0.08368704,0.08368704,0.2,1,0.0103569030761718,0.3261487185955047,-0.1673740674773638,0.0,0.1673740674773638,0.2835726737976074,9.743949799436834,0.1009171436518516,F
30.7138634,76.7101071,Minor Anomaly,0.20799792,0.17650348,0.2,2,0.0207138061523437,0.1647760719060897,0.0,0.4159958319533814,0.4159958319533814,0.8792109489440918,9.5685414148523,0.099655987127293,F
30.714099,76.7099122,Minor Anomaly,0.17181791,0.08563324,0.2,4,0.0414314270019531,0.0638812407851219,-0.2078746955822836,0.3436358385565512,0.3436358385565512,0.6654917001724243,11.402395159428474,0.1203760557157953,F
30.7148096,76.7093145,Minor Anomaly,0.0739331,0.0739331,0.2,1,0.0103530883789062,0.0884396880865097,0.0,0.1478661986083604,0.1478661986083604,0.6820236444473267,12.252418814016728,0.1268503748368888,F
30.71656213333333,76.70804163333334,Minor Anomaly,0.2131354,0.17266035,0.2,3,0.031097412109375,0.745445191860199,-0.4262708174684588,0.2461819774382316,0.4262708174684588,2.778339385986328,4.663575600997915,0.0486780549222476,F
30.71784096666667,76.71004146666667,Minor Anomaly,0.21401244,0.086496405,0.2,3,0.0310821533203125,0.0921450033783912,-0.0663176862880128,0.4280248742387034,0.4280248742387034,1.348559856414795,9.938667138370814,0.1064929026083894,F
30.7182221,76.7106623,Minor Anomaly,0.08868428,0.08868428,0.2,1,0.0103607177734375,0.4808249175548553,0.0,0.1773685680489602,0.1773685680489602,1.408574104309082,5.965995960374236,0.0618120003829056,F
30.718608690000003,76.71130002,Minor Anomaly,0.21055987,0.09521663,0.2,10,0.11395263671875,0.4462420344352722,-0.105728725472213,0.4211197609053592,0.4211197609053592,1.1121468544006348,9.058136111054209,0.1826143872314942,F
30.7106041,76.7128065,Pothole,7.290274,7.290274,0.55,1,0.0103578567504882,0.0741565227508544,-5.951634296907781,0.0,5.951634296907781,0.2216686755418777,8.163537064702137,0.0845567474934863,F
30.7131654,76.7106936,Pothole,10.0,7.2887626,1.0,4,0.10357666015625,0.7906784415245056,-7.61581404111821,0.0,7.61581404111821,1.2515435218811035,10.459335341624609,0.5452546180706631,F
30.7133191,76.7105657,Pothole,10.0,6.417595,1.0,11,0.2589340209960937,1.3962260484695437,-5.8717646401734,31.826280449464196,31.826280449464196,2.6620278358459477,9.748526385982352,0.5058990374725596,F
30.713562564705885,76.7103599764706,Pothole,10.0,6.208217,1.0,31,0.5696792602539061,1.4588885307312012,-9.242073908618774,21.238317981064164,21.238317981064164,3.885059356689453,7.894087785027578,0.5226074530101398,F
30.7145432,76.7095368,Pothole,8.976201,5.872904,1.0,5,0.0725059509277343,0.5810237526893616,-6.599022349313675,5.194788960811653,6.599022349313675,2.3845694065093994,11.925882137371504,0.371594430158935,F
30.71656897142857,76.70804612857144,Pothole,10.0,5.407388,1.0,10,0.2900848388671874,1.2467613220214844,-12.178156617262973,15.158338336428391,15.158338336428391,10.182255744934082,4.66282456350937,0.4344744218900905,F
30.7167646,76.7083321,Pothole,6.739885,2.991502,0.5,3,0.04144287109375,0.2262453883886337,-2.115842800051582,5.295231875043635,5.295231875043635,0.7890482544898987,8.589848590201235,0.1779939939192699,F
30.716993425,76.70869605,Pothole,10.0,6.392254,0.95,7,0.1242828369140625,0.7554376125335693,-7.630728259581478,13.332345404229136,13.332345404229136,3.689918041229248,9.308101444655746,0.3854712873303779,F
30.717233566666664,76.70907766666667,Pothole,4.1406255,3.3262358,0.8123239,3,0.0828704833984375,0.3373023867607116,-2.9730420546605805,1.2741580513996509,2.9730420546605805,1.193450927734375,10.442785073874154,0.3246947857443266,F
30.7178256,76.7100141,Pothole,2.9332633,2.9332633,0.5,1,0.0414276123046875,0.1713111698627472,-2.158867499976049,1.5201354889951872,2.158867499976049,1.8165221214294436,9.921769386388274,0.4110352155158105,F
30.7179813,76.7102733,Pothole,5.7380843,5.7380843,0.97124356,1,0.0310821533203125,0.4823509752750397,-3.9778185319562063,0.2153368353100688,3.9778185319562063,0.1059169769287109,10.52628287246781,0.3271795381350239,F
30.7182221,76.7106623,Pothole,10.0,5.4123397,1.0,5,0.072509765625,1.2597706317901611,-3.072956603268904,14.04895170057364,14.04895170057364,1.7653930187225342,5.991754967889907,0.1859763349342553,F
30.718733737500003,76.71149865000001,Pothole,10.0,5.5129547,1.0,14,0.2485809326171875,1.8502211570739744,-13.937134351545078,19.55641345071573,19.55641345071573,2.482513666152954,10.639777819552116,0.438444796767715,F
30.7188994,76.7117624,Pothole,4.863609,4.863609,0.55,2,0.0207061767578125,0.1066118031740188,-3.9206667922377134,2.2896278586302508,3.9206667922377134,0.594794511795044,10.543813553849802,0.1090805906602503,F
30.7105012,76.7128916,Road Bump,3.202755,1.9159974,0.5,3,0.0414228439331054,0.0601074248552322,-0.277409049051565,2.135169933877652,2.135169933877652,1.0742796659469604,5.388231444347714,0.1045730762513111,F
30.7130341,76.7108028,Road Bump,3.511819,3.411499,0.5,3,0.0310745239257812,0.1847889572381973,0.0,2.3412125265265296,2.3412125265265296,1.1177300214767456,11.526349957303438,0.1199280101007173,F
30.7139408,76.7100438,Road Bump,1.3084673,1.3084673,0.5,1,0.0103569030761718,0.0315892994403839,0.0,0.8723114939157597,0.8723114939157597,0.157379150390625,9.822432099350964,0.1017299772252573,F
30.7141418,76.7098761,Road Bump,2.0635855,1.5096729,0.5,4,0.072509765625,0.1454718708992004,-0.3756553512394296,1.375723647455677,1.375723647455677,0.818995475769043,11.63150783518807,0.3569451801583906,F
30.7148401,76.70928876666666,Road Bump,1.7767363,1.2065372,0.5,3,0.0310745239257812,0.1517959535121917,0.0,1.1844908336903206,1.1844908336903206,1.5700597763061523,12.405952305028729,0.1297345733512871,F
30.7156518,76.7086049,Road Bump,4.724719,2.778466,0.5,2,0.0207138061523437,0.0665699541568756,0.0,3.149812704254714,3.149812704254714,1.6089808940887451,10.240105923407617,0.1060735648965226,F
30.7179287,76.71018583333334,Road Bump,3.7994058,2.1876605,0.5,3,0.0310821533203125,0.3727362751960754,0.0,2.532937174856912,2.532937174856912,1.5062973499298096,10.33904893254386,0.1092982013223823,F
30.7192755,76.7123546,Road Bump,6.659821,5.1189356,0.5,2,0.0310821533203125,0.2190196961164474,-0.0263220534118264,4.4398805424843815,4.4398805424843815,0.885841965675354,9.089353524853166,0.1864670739287771,F
30.7104967625,76.71289547500001,Rough Patch,1.6217164,0.90085936,0.3,8,0.165679931640625,0.1112175434827804,-2.027145454239148,1.9661904535809305,2.027145454239148,1.1932604312896729,5.425086800716946,0.1832556363709936,F
30.7136735,76.7102653,Rough Patch,0.590207,0.590207,0.3,1,0.0207138061523437,0.2733620405197143,-0.7377587333302724,2.171233787150257,2.171233787150257,0.8151063919067383,7.626681144945687,0.15797759482214,F
30.71416119090909,76.70985968181819,Rough Patch,1.5096955,0.83380604,0.3,11,0.3107223510742187,0.2198051512241363,-1.8871194443764436,3.517779845043556,3.517779845043556,1.3688361644744873,11.720203872736896,0.482664201569644,F
30.718677985714287,76.7114100142857,Rough Patch,1.9822186,1.2045505,0.3,7,0.093231201171875,0.2144964039325714,-2.477773284539917,12.346399289594371,12.346399289594371,3.9885294437408447,9.870829009833288,0.2262857201884043,F
