route,latitude,longitude,speed,event_type,severity,confidence,gyro_peak,z_kurtosis,dip_magnitude,bump_magnitude,accel_x_peak,total_z_dev,cluster
Route_1,30.638598673498496,76.73516596231651,4.707361738715266,Speed Bump,5.299205,0.65,0.19389051722134168,-0.5005427757068106,3.9607449150085454,3.6095480346679683,4.669928073883057,3.9607449150085454,0
Route_1,30.638528184232072,76.73524022322019,6.168193077596954,Speed Bump,9.107681,0.55,0.30664333743054323,0.9938206846484618,9.026948807239533,6.1525196456909175,5.651889324188232,9.026948807239533,0
Route_1,30.638439163596495,76.73531790139776,6.084814383081723,Speed Bump,6.241379,0.65,0.2852576096281102,-0.023580214234714347,4.8754015541076665,4.04085391998291,3.5041074752807617,4.8754015541076665,0
Route_1,30.638353061605144,76.73539673751846,5.759987660334118,Speed Bump,6.2715287,0.65,0.24750940352058803,-0.633982134464298,4.636119422912598,4.323207321166992,5.187968254089356,4.636119422912598,0
Route_1,30.638070127438688,76.73529603585808,2.7123643052060977,Speed Bump,3.0266817,0.65,0.13963457474283023,0.5422970189383065,2.6440945243835454,1.6797365570068354,1.8597145080566408,2.6440945243835454,1
Route_1,30.63796152405948,76.73509433870704,3.124372128866248,Speed Bump,6.944869,0.65,0.23832108286266696,-0.3497463228028095,5.042899188995362,4.878342094421388,4.398796081542969,5.042899188995362,2
Route_1,30.637925858203264,76.73503406071198,3.474064319238246,Speed Bump,8.7081995,0.65,0.2745121861286363,0.46387452259688144,5.660845336914063,6.779439392089843,4.668374538421631,6.779439392089843,2
Route_1,30.637884055978482,76.7349652817197,3.9875949345452835,Speed Bump,5.832266,0.65,0.21982797003056367,-0.6383974891543645,4.113885459899903,4.21792263031006,4.309228897094727,4.21792263031006,2
Route_1,30.637835509377886,76.73489272344129,4.363591994527554,Speed Bump,6.1974106,0.65,0.23159112870826162,0.34144207427589146,4.003815708160401,4.849627914428712,3.3104324340820312,4.849627914428712,2
Route_1,30.637779338810347,76.73482156513914,4.804668263722857,Speed Bump,6.6366735,0.65,0.22299286266898863,0.4011242420552885,5.828343210220337,3.6526188278198237,4.243150234222412,5.828343210220337,2
Route_1,30.637714409469236,76.73473505690565,5.751102218706256,Pothole,10.0,0.9596001,0.3641000672850984,5.242785109515081,8.41857367515564,7.330386581420898,4.791135311126709,8.41857367515564,75
Route_1,30.637645618337626,76.73463039698646,6.094029977668714,Pothole,10.0,0.9867435,0.7607087710991639,1.9362162588029692,8.442501840591431,8.95331901550293,10.102537155151367,8.95331901550293,75
Route_1,30.63758187621019,76.73452974891259,5.980616403491045,Pothole,9.238345,0.92519706,0.5507123616720856,-0.37935306336561636,8.212790904045105,8.513040008544918,9.160238265991213,8.513040008544918,75
Route_1,30.63751502753082,76.7344247912165,6.480502060425929,Speed Bump,10.0,0.55,0.498384640520329,-0.423665520431014,8.534027276039124,9.968472900390625,6.451752185821533,9.968472900390625,3
Route_1,30.63743857699674,76.73430347494187,7.309431854578751,Pothole,10.0,1.0,0.7334396840125454,0.33546929178356066,10.913689432144166,7.794595184326171,7.863932132720947,10.913689432144166,76
Route_1,30.637354136998677,76.73416508478812,8.0647276576054,Speed Bump,7.2804027,0.55,0.3117264681170233,0.06473600402288415,6.465432224273682,5.6685718917846675,5.239598274230957,6.465432224273682,4
Route_1,30.637138675370988,76.73396093118687,2.8330605057620097,Speed Bump,4.2665224,0.55,0.34365803816216706,-0.499261225074207,3.7501764869689946,3.360694351196287,2.691245079040528,3.7501764869689946,5
Route_1,30.6370882307151,76.73401021351116,3.7892531942228516,Speed Bump,5.648019,0.65,0.19826007552544417,-0.26833617483676253,4.535620746612549,3.532977523803712,4.296050548553467,4.535620746612549,5
Route_1,30.637023896201452,76.73406630001864,4.478015007396925,Speed Bump,8.926425,0.55,0.3065247300564114,0.38872749705739285,8.02136510372162,6.856009902954101,6.229703903198242,8.02136510372162,5
Route_1,30.636955286914226,76.734116760917,4.081757622027324,Speed Bump,6.026563,0.65,0.2411117397052255,0.2765690400978942,4.223955688476563,4.385420265197753,3.3324179649353027,4.385420265197753,5
Route_1,30.636904054566845,76.73415503906106,2.98713513465785,Speed Bump,5.8657656,0.65,0.24437245973174176,0.47562998850079374,4.712689456939698,3.6669754409790034,2.677525043487549,4.712689456939698,5
Route_1,30.63686370194617,76.73418778033201,2.6907184156240875,Speed Bump,5.02744,0.65,0.19857459259968707,0.3413872132397473,3.2901564216613775,3.891900482177734,2.430210590362549,3.891900482177734,5
Route_1,30.636820337797314,76.73421934676578,2.595729457863617,Speed Bump,2.8789246,0.55,0.4477505114565686,-0.28221308352916674,2.3521700477600103,2.4460377120971675,2.978649139404297,2.4460377120971675,5
Route_1,30.636778885058725,76.73422189437122,2.2739272510359445,Speed Bump,4.8120856,0.55,0.4929065605854624,0.38740907736010133,4.286169109344483,3.7339739227294917,3.767155647277832,4.286169109344483,5
Route_1,30.63674278654487,76.73418474479787,2.8851544586891738,Speed Bump,6.682795,0.55,0.41350487669905095,-0.4040003689863956,5.880985317230225,5.257006111145019,4.900055885314941,5.880985317230225,5
Route_1,30.636702673259617,76.73412375727402,3.8224794794265846,Speed Bump,7.12786,0.55,0.36343922403431855,0.08106084503364785,6.920068559646607,4.959698143005372,4.516488552093506,6.920068559646607,5
Route_1,30.636654571569256,76.73405690464119,3.95206596329748,Speed Bump,6.5248685,0.55,0.3068329382411791,0.5214536684124518,6.6568580245971685,4.21792263031006,4.473687171936035,6.6568580245971685,5
Route_1,30.63662530417255,76.73400157657639,2.610722324753239,Speed Bump,2.511028,0.55,0.3049930422318878,0.2550821685483724,2.1457892036437993,2.0392574691772456,1.997464299201965,2.1457892036437993,5
Route_1,30.636650497090407,76.73392889451323,2.414668614166012,Pothole,5.3963027,0.8074757,0.5100315100777086,-0.07905868412896133,4.392051277160644,5.137364807128906,2.7455105781555176,5.137364807128906,77
Route_1,30.636710183225333,76.73388714113482,4.101290489350645,Speed Bump,6.0835123,0.65,0.17390331974024328,-0.10945301393728624,5.071612892150879,3.6191191101074214,4.753019332885742,5.071612892150879,5
Route_1,30.636803897563382,76.73380745858408,6.6348929465301385,Speed Bump,5.138407,0.65,0.18134064421286802,0.6613484579330495,4.736617622375489,2.6039642715454097,3.4225807189941406,4.736617622375489,5
Route_1,30.636931640862215,76.73369449744271,8.82967361183389,Speed Bump,4.192883,0.65,0.16411284723876748,0.7996289264561551,3.232728538513184,2.757104339599609,2.116209030151367,3.232728538513184,5
Route_1,30.637066135295136,76.73358098453878,9.545572604586985,Speed Bump,4.236851,0.65,0.13256006760518235,-0.3474281457782413,3.7741046524047857,2.278540077209472,2.5539400577545166,3.7741046524047857,5
Route_1,30.637218064523896,76.7334502410809,10.599522556248099,Speed Bump,3.0940988,0.65,0.11555042033815816,-0.028982674032991707,2.4191690063476567,2.000972213745115,3.0559301376342773,2.4191690063476567,6
Route_1,30.63736925122646,76.73331821453822,10.532779506956395,Speed Bump,4.1124845,0.65,0.18269814885260355,-0.22715792017089953,3.0843735313415532,2.790604057312011,3.6632754802703857,3.0843735313415532,7
Route_1,30.63750844711602,76.7331894600922,9.437894625966258,Speed Bump,3.9952364,0.65,0.15497664552627022,-0.06960119304953638,3.184872207641602,2.5226082229614253,2.600947380065918,3.184872207641602,7
Route_1,30.637773234570812,76.73295432560053,2.090977743724684,Pothole,10.0,1.0,3.8397518364039933,-0.390745726745068,4.68397575378418,3.4946922683715815,6.3197784423828125,4.68397575378418,78
Route_1,30.637803,76.7329092,2.8419593360838156,Pothole,10.0,0.95,3.047897247501875,0.28259441583443357,4.904115257263184,5.826497497558593,7.042612075805664,5.826497497558593,78
Route_2,30.647900725808206,76.7379487516164,2.2048076325981407,Pothole,6.699881,0.9665835,1.727711223303834,2.5232565484575105,2.7398071861267095,4.595988693237304,2.9463069438934326,4.595988693237304,79
Route_2,30.647873757432162,76.7378965691211,3.1577371667338077,Speed Bump,3.5027936,0.65,0.09830655928335555,0.3094826835853799,2.940804538726807,2.063186111450195,1.9643975496292116,2.940804538726807,8
Route_2,30.647842886524543,76.73784123299446,3.1219920630809934,Speed Bump,4.306363,0.55,0.31653941858851614,1.0068483727092747,3.3140845870971685,3.8631872558593763,3.200606346130371,3.8631872558593763,8
Route_2,30.647809712969437,76.73778308796373,3.6570804945641244,Speed Bump,4.3239503,0.55,0.3216736104495369,0.3955014121573259,2.72545057296753,4.4811329269409175,3.2991437911987305,4.4811329269409175,8
Route_2,30.6477661654604,76.73771356596077,4.283822263228376,Pothole,5.78112,0.7757634,0.533082539268394,1.088095351553827,4.49733549118042,4.193994941711425,2.798270463943481,4.49733549118042,80
Route_2,30.647721671905604,76.73764587108558,3.824718481361451,Pothole,5.4217825,0.8215942,0.6594835978138915,-0.10320846963846053,4.123457012176514,3.3750509643554683,2.138282299041748,4.123457012176514,80
Route_2,30.647685925970173,76.7375847454478,3.289542829827068,Pothole,4.284527,0.7868672,0.6521100117760633,-0.08962459802537959,2.9982319450378423,3.43726390838623,2.7417237758636475,3.43726390838623,80
Route_2,30.64765429696355,76.73752927314919,3.1699397231684605,Speed Bump,2.9027333,0.65,0.15627292570509518,-0.4221740607853208,1.7772946929931646,2.3694672012329097,3.09488296508789,2.3694672012329097,8
Route_2,30.647619387760564,76.73746784066046,3.820868380429916,Speed Bump,5.805466,0.65,0.26680133959088553,0.2948209478274224,4.406408367156983,3.8871149444580073,2.9030001163482666,4.406408367156983,8
Route_2,30.647578179455586,76.73739423135956,4.411938075914179,Speed Bump,5.421538,0.55,0.37993908984349245,0.8646902701401986,5.038113651275635,3.997783126831056,2.383479118347168,5.038113651275635,8
Route_2,30.647532286208797,76.73731606223359,4.661868055384459,Speed Bump,4.884229,0.55,0.3063133588986379,0.33807105397014636,3.955959377288819,4.184422912597656,2.147369384765625,4.184422912597656,8
Route_2,30.647485403795322,76.73723190795181,4.720695064155016,Speed Bump,4.6746187,0.55,0.37812324535708736,-0.35028358179463925,3.7262483215332036,4.064782562255859,2.424294948577881,4.064782562255859,8
Route_2,30.647554245350356,76.73709353809517,2.6158746773691366,Pothole,5.2429414,0.8283525,0.7610087033675789,0.6433673603903403,3.5922504043579107,3.475549163818359,3.398597240447998,3.5922504043579107,81
Route_2,30.647580538585235,76.73714855696518,3.258247772522863,Pothole,10.0,1.0,1.6513270793163466,3.436126876306175,8.126649317741395,12.908654632568359,6.664974212646484,12.908654632568359,81
Route_2,30.647612706683002,76.73720910263428,3.6444137614699046,Pothole,5.8397074,0.85695213,0.8874611595825452,0.47234356603029903,3.9703164672851567,4.083924713134765,3.57668685913086,4.083924713134765,81
Route_2,30.647652369416576,76.73727434139707,4.17038834261373,Pothole,5.2236576,0.8256637,0.7724586934001623,-0.14182688495730789,3.707105693817139,2.9006742858886714,2.4709877967834477,3.707105693817139,81
Route_2,30.647699421073984,76.73735108690944,4.8874737868502915,Pothole,4.0856724,0.7743777,0.5916029544813193,-0.3591865339900657,2.9743037796020513,2.111042442321775,2.9987313747406006,2.9743037796020513,81
Route_2,30.647749156886537,76.73743913729739,5.173431955003434,Speed Bump,4.5756154,0.65,0.21859402038753878,0.5845109807173032,3.4726091003417974,3.063984336853027,2.6384050846099854,3.4726091003417974,8
Route_2,30.647799027372038,76.7375248432593,5.08032281991895,Speed Bump,4.05404,0.55,0.20688282044811493,2.065887795205831,3.73103385925293,3.025699081420898,2.7388916015625,3.73103385925293,8
Route_2,30.647853216963014,76.737615456338,5.4204476038539395,Speed Bump,5.292505,0.65,0.2906623450582744,1.100565667522237,4.018172798156739,3.5425485992431636,3.077915668487549,4.018172798156739,8
Route_2,30.648092056673654,76.73801916605139,4.1498954963161605,Road Bump,2.3990438,0.45,0.4163815543564706,1.2754158731248824,1.5571542358398442,2.441252174377439,2.683655977249145,2.441252174377439,135
Route_2,30.64811477063018,76.7380937955013,3.6973261002595548,Road Bump,1.6894524,0.45,0.31632240071498285,-0.23625166433888722,1.341800270080567,1.4739536666870112,3.266669750213623,1.4739536666870112,135
Route_2,30.64812566978364,76.7381687539506,3.8685639068427315,Road Bump,1.7554939,0.45,0.35896265825014634,-0.3931255506151068,1.5906539535522466,1.3351692581176753,3.153480768203736,1.5906539535522466,135
Route_2,30.648107800064828,76.73826289011471,4.91041942119119,Speed Bump,3.2952757,0.55,0.4101680225346776,0.24574149265021017,3.0317316627502446,2.460394325256347,2.142017602920532,3.0317316627502446,9
Route_2,30.648038591130174,76.73836606988152,6.087482466433965,Pothole,8.677556,0.9643683,1.098116335215443,1.3027873297478756,6.220766124725342,6.7985815429687495,3.8480801582336426,6.7985815429687495,82
Route_2,30.647940149479112,76.73845995957122,7.68293164490188,Speed Bump,4.2804008,0.65,0.08870228987918193,0.6005411110188144,2.5196676826477056,3.595190467834472,2.5366501808166504,3.595190467834472,10
Route_2,30.647803576194057,76.73858587113087,10.319308576615159,Speed Bump,5.031209,0.65,0.2161437514540491,1.9802062172832091,4.449479160308838,2.7379621887207026,3.344160556793213,4.449479160308838,10
Route_2,30.64764204426997,76.73873019791938,11.558451334775777,Speed Bump,8.828797,0.55,0.29760835421124304,2.1741578419441163,6.690357503890992,8.024304809570312,3.34816575050354,8.024304809570312,11
Route_2,30.647466328072987,76.73887991997893,12.595949112103437,Speed Bump,8.489974,0.55,0.35221069150069434,1.1138550378138028,6.599430141448975,7.550527038574218,4.30579137802124,7.550527038574218,12
Route_2,30.64726833267971,76.7390448563155,13.843388165266447,Speed Bump,6.626623,0.65,0.17622161586085996,-1.0702142114716302,5.363537368774415,4.103066864013671,3.134523630142212,5.363537368774415,13
Route_2,30.64705398498129,76.73922371357664,14.942008455729558,Speed Bump,5.6241503,0.65,0.18118032162442857,-1.1058442305157954,4.286169109344483,3.748331489562988,2.9806315898895264,4.286169109344483,14
Route_2,30.646824749350582,76.73942116698082,16.047013112744278,Speed Bump,5.208756,0.65,0.12264209067323545,-0.5055635611243616,3.8411040878295903,3.5999760055541987,2.2351808547973637,3.8411040878295903,15
Route_2,30.64657834173136,76.73963300340694,17.17315116970485,Speed Bump,5.4369717,0.65,0.23345278346058418,-0.3423443486528903,3.5539651489257817,4.2131370925903315,3.595215320587158,4.2131370925903315,16
Route_2,30.646318236032975,76.73986047451683,18.352912646597204,Pothole,6.4160624,0.84801835,0.5652926182514685,1.165035246479695,5.052470264434815,5.807355346679687,3.688354015350342,5.807355346679687,83
Route_2,30.646041601528328,76.74010536654228,19.522893987361574,Speed Bump,4.307201,0.65,0.12715001782607316,-0.2057369215992928,3.635321197509766,2.5178226852416987,2.7068018913269043,3.635321197509766,17
Route_2,30.64575170040602,76.74036837750353,20.64015700650978,Speed Bump,4.4478984,0.65,0.19539558937963608,0.38901134972194606,3.745390949249268,2.608749809265136,3.605832815170288,3.745390949249268,18
Route_2,30.645450900850886,76.74062953703307,20.748584436946565,Speed Bump,5.1082573,0.65,0.1790806614393433,1.0423505066319905,4.837116298675538,2.460394325256347,2.994182109832764,4.837116298675538,19
Route_2,30.645162118739293,76.7408800582385,19.867221728437674,Speed Bump,5.0191846,0.55,0.3978836503068896,1.1003494612126756,4.152170715332032,4.2131370925903315,2.672062873840332,4.2131370925903315,20
Route_2,30.64488649557151,76.74112373779141,18.978966635280926,Speed Bump,4.823512,0.65,0.12379293106350488,-0.1226775735056842,3.783676204681396,3.107055130004884,2.240556240081787,3.783676204681396,21
Route_2,30.64462484268573,76.74135092727907,17.995248826551446,Speed Bump,4.256951,0.65,0.06902027733972449,0.35291178528920275,3.0843735313415532,2.996984901428224,2.1707422733306885,3.0843735313415532,22
Route_2,30.644380979828878,76.74156157807836,16.530473247451653,Speed Bump,5.4302716,0.65,0.1746933876843659,0.7397787230458706,3.3768964385986333,4.380634727478027,2.4838316440582275,4.380634727478027,23
Route_2,30.644157578761067,76.74175145749284,15.101006532915594,Speed Bump,4.719244,0.65,0.15772187364012333,1.0615149273105153,4.022958335876465,2.71881908416748,2.164993524551392,4.022958335876465,24
Route_2,30.643950877161153,76.74192961543153,13.914963649892947,Speed Bump,3.2148771,0.55,0.3964242959735045,0.5031072759530772,2.878591117858887,2.47953742980957,2.62593150138855,2.878591117858887,25
Route_2,30.643769538146213,76.74208037120682,11.553312790165242,Pothole,10.0,1.0,2.955075511857246,5.885338161689123,13.801228103637696,23.289914550781248,13.597725868225098,23.289914550781248,84
Route_2,30.643646457251812,76.7421911163922,8.065328311011925,Pothole,5.105657,0.80670387,0.547632866498173,1.061791467224829,3.798033294677735,4.461990776062011,3.055240631103516,4.461990776062011,84
Route_2,30.643561760737725,76.74229389741306,6.724583118699258,Pothole,10.0,1.0,1.8030204392402938,7.550157352392581,6.575501976013184,6.712439956665039,7.785893440246582,6.712439956665039,84
Route_2,30.64350518326531,76.7424142972921,6.246982929704209,Pothole,10.0,1.0,2.203640025333552,5.370139270631366,4.889758644104004,4.533775749206544,4.311015605926514,4.889758644104004,84
Route_2,30.64342256118203,76.74250088229932,6.135278779636513,Pothole,2.6186635,0.68213886,0.5244627047214029,1.5943247198169557,1.2508731460571294,2.1014713668823237,1.8489108085632324,2.1014713668823237,84
Route_2,30.643307436474124,76.74251961621513,6.472011643751487,Pothole,3.4735508,0.75684434,0.5733362640864833,0.2593828626968815,2.2750015830993657,1.4452394866943354,3.0574002265930176,2.2750015830993657,84
Route_2,30.64320976419061,76.74244443226154,6.647300741926847,Pothole,6.2019567,0.95441234,1.8539581839960209,0.37435656802855277,2.4191690063476567,3.317623558044433,8.850545883178711,3.317623558044433,84
Route_2,30.64316967017971,76.74230160183312,7.7070818469074505,Pothole,10.0,1.0,2.9610532480932523,0.3337492174638439,9.400229123830796,3.576048316955566,10.920812606811523,9.400229123830796,84
Route_2,30.64313521354063,76.74211261416868,9.509989106052673,Pothole,10.0,1.0,3.106532937250855,3.3392336601947186,12.838715372085572,3.964283409118652,8.390514373779297,12.838715372085572,84
Route_2,30.643066246892353,76.74194156377716,9.084211299544029,Pothole,10.0,0.95,12.474533137524014,11.147909442226476,18.440910873413088,36.46778625488281,32.78784942626953,36.46778625488281,84
Route_2,30.64297809809679,76.74177720637788,9.60847629922749,Speed Bump,8.622058,0.55,0.3154085959436447,-1.4027552963211358,6.982281742095948,7.3878149414062495,1.1822903156280518,7.3878149414062495,26
Route_2,30.642874060412858,76.74159883684798,10.822896139204627,Speed Bump,9.37472,0.55,0.487565767571509,-0.9819628908272855,6.7047143554687505,8.91981834411621,1.2475978136062622,8.91981834411621,27
Route_2,30.64276007207998,76.7414000900274,11.975249264806253,Pothole,6.800418,0.795771,0.5152525321815534,-1.1535670440896617,6.000626382827759,6.052021446228027,0.893845796585083,6.052021446228027,85
Route_2,30.642634046121355,76.74118054701626,13.186284171711625,Pothole,10.0,0.9270733,0.6321140532018815,0.6279255817880225,9.1992320394516,7.306458892822265,1.395940899848938,9.1992320394516,86
Route_2,30.642496229091428,76.74094036915326,14.37362780088,Speed Bump,5.7115483,0.55,0.36232799159664947,0.7440143049560684,5.071612892150879,4.4476341629028315,0.9229464530944824,5.071612892150879,28
Route_2,30.642346986285247,76.74068398487458,15.29087556057359,Speed Bump,4.8555155,0.55,0.37084194571086093,0.3957648213368463,5.09554105758667,2.996984901428224,1.2716575860977173,5.09554105758667,29
Route_2,30.642191537846486,76.74041816589549,15.541972812192977,Pothole,10.0,1.0,1.6138373191300621,9.409561573071409,11.718276081085206,10.844844284057617,1.8948237895965576,11.718276081085206,87
Route_2,30.6420389338992,76.7401629954241,14.679834905410758,Pothole,10.0,1.0,2.0560218078262347,4.0472882664166505,12.886571702957154,20.733184280395506,5.166575908660889,20.733184280395506,88
Route_2,30.641902338603874,76.7399230019274,13.549117006987748,Speed Bump,6.4153967,0.55,0.25520005613994057,2.0827553633350933,4.956757602691651,5.735570373535156,1.6255486011505127,5.735570373535156,30
Route_2,30.641775076143098,76.73973178944459,10.691360484601665,Pothole,9.243598,0.9350831,0.5345262625524577,2.4169511745700927,7.691155490875245,6.2530187988281245,2.194983959197998,7.691155490875245,89
Route_2,30.641651109306068,76.73961689820302,8.728949126640947,Speed Bump,7.366544,0.55,0.31541571957211245,1.732705422222419,6.632929620742798,5.64464324951172,2.2048165798187256,6.632929620742798,31
Route_2,30.64153968363951,76.73949627517923,8.166329410678472,Pothole,10.0,1.0,2.2992789790088035,4.175076167867304,6.637715396881104,6.363088073730468,23.60575294494629,6.637715396881104,90
Route_2,30.641495263020897,76.73934831352804,7.845985432959918,Pothole,10.0,0.95,2.9704472153211956,-0.11951380773575293,6.76692777633667,7.397386016845703,39.85488128662109,7.397386016845703,90
Route_2,30.64145782397422,76.73916993270448,9.106915842972725,Speed Bump,6.90102,0.55,0.41742256752971657,1.8399260527520314,4.980685768127442,6.52101463317871,6.259400844573975,6.52101463317871,32
Route_2,30.64136392438451,76.73897996339926,10.993415876511953,Speed Bump,6.305028,0.65,0.295943105057141,0.5272462854127444,4.7461891746521,4.260993423461914,2.853177309036255,4.7461891746521,33
Route_2,30.64124589965075,76.7387641551638,12.27297427688903,Speed Bump,6.7542205,0.55,0.3441168762347852,0.3146466843366582,5.34439474105835,5.912639083862304,2.6538450717926025,5.912639083862304,34
Route_2,30.641117976525365,76.73853402836285,13.061257674266043,Speed Bump,9.934999,0.55,0.44523681320254127,1.7164591107598106,10.506311414241791,6.052021446228027,4.093058109283447,10.506311414241791,35
Route_2,30.640977641258576,76.73828888959969,14.225032176219008,Pothole,10.0,1.0,1.262063465353475,1.4015027398791604,10.324456868171692,13.665385665893554,6.056623458862305,13.665385665893554,91
Route_2,30.64082924756196,76.73802970435779,15.318679894219322,Pothole,10.0,1.0,1.221038585529184,3.718513258058458,9.529441533088685,8.312041702270507,4.082406044006348,9.529441533088685,92
Route_2,30.64067296481387,76.73775240817832,15.89498973295082,Pothole,8.553984,0.91149163,0.5491603318593459,1.3619192309849257,7.183278856277466,8.312041702270507,3.940678834915161,8.312041702270507,93
Route_2,30.640520535362832,76.73748041659611,15.694590766148607,Speed Bump,4.5852466,0.65,0.18045521713567148,0.07639598466314634,4.152170715332032,2.3981813812255854,2.3346831798553467,4.152170715332032,36
Route_2,30.640362450072217,76.7372013255259,15.78980855505869,Pothole,10.0,1.0,2.8217482232731976,7.104218060833848,17.32047229766846,24.67834991455078,6.35187578201294,24.67834991455078,94
Route_2,30.64020831712209,76.73694227271271,14.376400893338015,Pothole,10.0,0.91808647,0.5408526757328055,2.3472138752245675,8.782880840301514,9.255412521362304,3.781838893890381,9.255412521362304,95
Route_2,30.64007720557649,76.73673444875257,11.771756772641027,Pothole,5.5456915,0.62843126,0.33201715000560944,4.028137016518808,5.421563205718995,5.544145050048828,2.819302558898926,5.544145050048828,96
Route_2,30.639947871464347,76.73659690394273,9.583560308633572,Pothole,9.624048,0.9475534,0.558536999611412,2.1409044906579,8.078792867660523,6.003566207885742,3.3879265785217285,8.078792867660523,96
Route_2,30.639812507362638,76.73648735477326,9.33072847941966,Pothole,10.0,1.0,5.349249062048803,9.957963895834553,9.826749758273364,11.94135612487793,26.601608276367188,11.94135612487793,96
Route_2,30.639734604268018,76.73631688321407,9.337553673994657,Speed Bump,4.752146,0.55,0.35718813557391615,0.9066689579229181,4.942400512695312,2.977842750549316,3.1714837551116943,4.942400512695312,37
Route_2,30.639702127774232,76.73610988555339,10.322399664609772,Pothole,10.0,1.0,3.2031827232576715,0.6482561349857408,6.475003538131714,7.220317306518554,23.150453567504883,7.220317306518554,97
Route_2,30.639607563289147,76.73589564004432,11.862910988740225,Speed Bump,9.827502,0.65,0.2924746039025612,1.9344675538343008,5.028542098999024,9.01074737548828,2.7313175201416016,9.01074737548828,38
Route_2,30.63948645194319,76.73568117995055,12.524381525910858,Speed Bump,7.833443,0.65,0.23050641970472022,-0.018402380899102067,5.555561122894288,5.635072174072265,2.2378268241882324,5.635072174072265,39
Route_2,30.639355945913007,76.73544409137466,13.645848398768802,Pothole,10.0,1.0,0.47071818025352324,8.742916963398216,13.288565931320191,9.824904861450195,2.817635297775269,13.288565931320191,98
Route_2,30.63920755598357,76.73519184341745,14.81543291133848,Speed Bump,6.50441,0.55,0.3257552557474295,0.7304198112419122,6.0341258621215825,4.806557121276855,2.766740322113037,6.0341258621215825,40
Route_2,30.639047846189758,76.73492301479108,15.672152336734722,Speed Bump,6.05073,0.55,0.34093425409497313,-0.16923482605999496,5.943198499679566,4.1413521194458,2.3805060386657715,5.943198499679566,41
Route_2,30.638884929260172,76.73464509697324,16.200918233329954,Speed Bump,7.283273,0.55,0.3690842888678645,-0.01990448835620251,7.11627989768982,5.022509040832519,3.573418617248535,7.11627989768982,41
Route_2,30.638721260995958,76.7343607187509,16.721051835315603,Speed Bump,6.83767,0.65,0.2593325655819166,0.12791145102227075,4.9854713058471685,4.782628479003906,1.5441317558288574,4.9854713058471685,42
Route_2,30.63855253204554,76.73407846114654,16.35471057381001,Pothole,10.0,0.9684127,0.7003445664799791,1.195236677287454,8.380288419723511,6.243447723388671,3.9588797092437744,8.380288419723511,99
Route_2,30.63838529392739,76.7337967663221,16.492405433104064,Speed Bump,6.71438,0.55,0.3934237922170753,-0.4684542956771862,5.924056110382081,5.266577186584472,2.8319737911224365,5.924056110382081,43
Route_2,30.638214085923764,76.7335123535412,16.451850221044538,Pothole,7.113885,0.66921693,0.4232255353561425,3.817358803850067,7.460846481323243,10.538564147949218,2.4285542964935303,10.538564147949218,100
Route_2,30.63805243263107,76.73324312598167,14.75652665465339,Speed Bump,4.9674997,0.55,0.3306237169361119,0.559797449499805,4.8993297195434575,3.379836502075195,1.7755534648895264,4.8993297195434575,44
Route_2,30.637755631000083,76.73299233034359,2.729609327657264,Pothole,5.0760813,0.8140532,0.6514542106446846,0.7849714850563063,3.6161785697937017,3.614333572387695,1.9197998046875,3.6161785697937017,78
Route_2,30.637760338394795,76.73305473247939,3.06060020371347,Pothole,4.9240103,0.8062764,0.6269316958365345,0.5330504725663086,3.563536701202393,4.509847106933593,3.270111560821533,4.509847106933593,78
Route_2,30.637799858774294,76.73311514836847,3.6118877805430283,Speed Bump,8.170891,0.55,0.3651213888743394,-0.012390561049385518,6.982281742095948,6.635869445800781,2.12598180770874,6.982281742095948,44
Route_2,30.637849346673868,76.73319376877569,4.806496607161516,Speed Bump,7.1196046,0.55,0.3521683413558962,-0.2595062283634859,5.61298900604248,6.2530187988281245,4.218269348144531,6.2530187988281245,44
Route_2,30.637899063569815,76.73327463672497,4.272590620571816,Speed Bump,7.8535433,0.65,0.24383177898202577,0.2843999369789807,5.627346096038819,5.59200138092041,1.4960012435913086,5.627346096038819,44
Route_2,30.637933203922813,76.73333101694004,3.278833344559703,Speed Bump,8.18812,0.55,0.38932910563929735,-0.13166784037078294,7.044495162963868,6.602370681762695,3.136652946472168,7.044495162963868,44
Route_2,30.637971377329233,76.73339684880598,3.939261759279313,Speed Bump,9.871829,0.55,0.40005757692219185,0.0985176254049418,7.719869432449341,8.733178558349609,3.6892457008361816,8.733178558349609,44
Route_2,30.63802439842662,76.73348375820015,5.2069448108089205,Pothole,9.50516,0.969433,0.954219766062024,-0.4003907465894647,7.676798639297486,9.226699295043945,4.128423690795898,9.226699295043945,100
Route_2,30.638082522405526,76.7335806645872,5.597909315214265,Pothole,10.0,0.96554387,0.590883156930284,0.33751292565032776,9.11787605047226,14.407758178710937,5.93932056427002,14.407758178710937,100
Route_2,30.63814139836039,76.73368230044068,5.943507898150731,Pothole,10.0,0.97325784,0.5049150256528304,0.05645768300445386,9.898534437119961,7.9860205078124995,3.9236204624176025,9.898534437119961,100
Route_2,30.63820192040473,76.73379100524839,6.147186079378718,Speed Bump,10.0,0.55,0.4477756917241072,0.16796364428837585,9.821964113451541,8.393397750854488,4.547757148742676,9.821964113451541,43
Route_2,30.638264224519506,76.7339016396014,6.326319726104764,Speed Bump,6.4825754,0.65,0.28932357795752917,-0.6120348566921963,4.918472347259521,4.342349472045898,3.4443342685699463,4.918472347259521,43
Route_2,30.638329417114836,76.73401024829408,6.389671520088335,Pothole,10.0,1.0,2.669777094169284,16.437873328770994,10.669621524810792,28.346547546386716,5.946624279022217,28.346547546386716,99
Route_2,30.63839192578794,76.73412090725687,6.297878021384732,Pothole,10.0,1.0,3.8877593033046267,28.928128708986016,17.028547821044924,45.311662139892576,7.25783634185791,45.311662139892576,99
Route_2,30.638456975616286,76.73423160296792,6.393324373749437,Speed Bump,9.480962,0.55,0.4649741770376014,-0.1719354969406961,8.126649317741395,7.674952926635742,3.3124449253082275,8.126649317741395,45
Route_2,30.638681786921083,76.73461184370137,4.925574736663116,Speed Bump,7.1422167,0.55,0.4322527188167659,0.24745151518907438,6.397834835052491,5.505859794616699,3.056604146957397,6.397834835052491,46
Route_2,30.638742380852058,76.7347130530716,5.999646635826487,Pothole,10.0,0.9584605,0.5336187273338929,1.7802657453381272,8.687167940139771,8.560895385742187,7.393181800842285,8.687167940139771,101
Route_2,30.638805864766294,76.73481652126662,6.06874380519275,Speed Bump,6.2201424,0.55,0.33017548627016685,-0.48520920289122893,5.248681602478028,5.1182226562499995,3.285492181777954,5.248681602478028,41
Route_2,30.638860117196586,76.73491041740273,5.091628130739313,Speed Bump,6.2746987,0.55,0.3633744972363801,0.10669849474577564,6.335621414184571,4.122209968566896,2.810608386993408,6.335621414184571,41
Route_2,30.638898975460698,76.73498214881215,3.7816303235731645,Speed Bump,8.403473,0.55,0.339740254730933,0.39077158588987704,8.184076962471009,5.821711959838867,3.2062435150146484,8.184076962471009,41
Route_2,30.638938965049583,76.73505177723206,4.069841787161215,Speed Bump,8.802955,0.55,0.39535155672309474,0.22859859361615698,7.24070673942566,7.430884780883789,3.598968982696533,7.430884780883789,41
Route_2,30.638993539157696,76.73512972259417,5.090229366756787,Pothole,8.14794,0.88878864,0.5107154115958555,-0.40349009395272484,7.207207260131836,6.085521163940429,3.584752321243286,7.207207260131836,102
Route_2,30.639049837047803,76.73523082656514,5.878430729397981,Speed Bump,9.003952,0.55,0.43084954839902784,-0.45335749109096435,7.274206218719483,7.732381286621093,3.861297845840454,7.732381286621093,40
Route_2,30.63910500896975,76.73533355533837,5.496044177614261,Speed Bump,6.7402225,0.55,0.344537703633377,-0.435199218102992,5.938412961959839,5.295291366577148,3.684131860733032,5.938412961959839,40
Route_2,30.63914376795497,76.73540732835937,3.9006758362935896,Speed Bump,5.955616,0.55,0.32925639619633146,-0.41564158395505846,5.181682643890381,4.744344177246093,3.633687734603882,5.181682643890381,40
Route_2,30.639176363931963,76.73545219695842,2.610771240434215,Speed Bump,5.3407803,0.55,0.3139220090955397,-0.2489918986837032,5.205610809326172,3.695689620971679,2.204031467437744,5.205610809326172,40
Route_2,30.639212291344524,76.73547679883703,2.0240152807611653,Speed Bump,4.2349367,0.55,0.38855069081673477,-0.2792013314640749,3.917674121856689,3.1405538940429683,2.4116334915161133,3.917674121856689,40
Route_2,30.639142495049356,76.7354096303169,2.5612285774495134,Speed Bump,6.79454,0.65,0.2303514848739867,-0.5219547932340038,5.627346096038819,4.07913917541504,2.5894150733947754,5.627346096038819,40
Route_2,30.639110086691034,76.735365120375,2.4569225116358995,Speed Bump,6.000182,0.65,0.21219688862594732,0.8508368251130003,4.439907608032227,4.131781044006347,3.171635627746582,4.439907608032227,40
Route_4,30.63142201093343,76.71355245153295,4.438135292558993,Pothole,8.363019,0.91980785,0.7686225183859106,-0.06469240730114034,6.838712511062623,6.07594913482666,2.719935178756714,6.838712511062623,103
Route_4,30.631505167485482,76.71349083251451,5.49338655411653,Pothole,10.0,1.0,0.8445481323113802,0.6884735457472497,10.87061863899231,9.518622817993164,5.185399055480957,10.87061863899231,103
Route_4,30.631568343013626,76.71339690658834,5.948826176290022,Speed Bump,4.5479183,0.55,0.3584120208533394,0.04140642709088871,3.9846730804443364,3.595190467834472,3.233205318450928,3.9846730804443364,47
Route_4,30.63162495786186,76.71327727457754,6.966044535564826,Speed Bump,4.2263227,0.55,0.3112197761126165,-0.1872517093967363,3.3960390663146978,3.647832336425779,2.0326156616210938,3.647832336425779,47
Route_4,30.63168359043716,76.7131489562179,6.7598729633567425,Speed Bump,3.4022944,0.65,0.262951692691143,-0.10106467725466395,2.610594806671143,2.2498258972167964,1.585827112197876,2.610594806671143,47
Route_4,30.631717036611025,76.71302740241268,5.917968851652768,Pothole,10.0,1.0,0.7773248626917998,2.8198651693808046,11.296541032791138,13.871167602539062,9.134944915771484,13.871167602539062,104
Route_4,30.631702041554867,76.71291693920094,5.3227777973141,Speed Bump,4.3124647,0.55,0.37816621098622993,0.32672002745906337,3.6305356597900396,3.5569052124023433,2.374763011932373,3.6305356597900396,48
Route_4,30.631664083249703,76.712789422105,6.883120136439539,Speed Bump,4.9129434,0.55,0.44262046151433304,1.0298765546007473,3.1657295799255376,5.022509040832519,2.5031862258911133,5.022509040832519,48
Route_4,30.631612100633106,76.71263418367263,7.906210880699002,Speed Bump,3.8731425,0.55,0.3128254420469633,0.19648408143595164,3.501323280334473,2.9539141082763667,1.8961317539215088,3.501323280334473,48
Route_4,30.631566176694555,76.71248404184215,7.7164300798590615,Speed Bump,4.0224547,0.65,0.21930338707551658,-0.4485524821276652,3.38168197631836,2.364681663513183,1.3730188608169556,3.38168197631836,48
Route_4,30.631520179064406,76.71233115552415,7.879094184227734,Speed Bump,4.431149,0.65,0.1581656971911947,0.03153245012204042,3.5108943557739263,2.819318237304687,1.5014891624450684,3.5108943557739263,48
Route_4,30.6314684952496,76.7121768069503,7.950526605421885,Speed Bump,4.836493,0.65,0.18753864400817274,0.4110933242945225,4.008601722717286,2.9006742858886714,1.5809228420257568,4.008601722717286,48
Route_4,30.631422386443447,76.71201980800481,7.897630185821429,Speed Bump,5.624569,0.65,0.25659237674180846,0.36171028126970084,3.4965372657775884,4.538561286926269,1.738083004951477,4.538561286926269,48
Route_4,30.631381588883357,76.71187587753086,6.896064737471499,Speed Bump,5.702934,0.55,0.31541925626175393,1.2673273858852214,4.319668350219727,5.185221138000488,1.632248878479004,5.185221138000488,48
Route_4,30.631347983090564,76.7117484398492,6.158012759294478,Pothole,7.5234623,0.8323541,0.52195588794197,2.4185503220965296,5.995840606689454,11.017127456665039,1.9048740863800049,11.017127456665039,105
Route_4,30.63131202122572,76.71163041246388,6.137210245928263,Speed Bump,6.918607,0.55,0.4985372048577493,1.1062085829746353,5.4598484611511235,6.071163597106933,1.444594144821167,6.071163597106933,49
Route_4,30.631267455777188,76.71149336733156,7.407333862610259,Speed Bump,2.7468407,0.55,0.351383489075691,-0.34546364568057,2.3760982131958013,2.201969566345216,1.7969141006469729,2.3760982131958013,49
Route_4,30.631216451054975,76.71134014666605,7.774934127393156,Speed Bump,3.7981272,0.55,0.3601111478614448,-0.07077189465582512,3.0748024559021,3.255409660339355,2.555493831634521,3.255409660339355,49
Route_4,30.63116519576766,76.71117708429438,8.445901842685574,Speed Bump,3.9722054,0.65,0.2979422003846116,0.0014375419826713198,2.6058092689514165,3.0687698745727534,2.5208239555358887,3.0687698745727534,49
Route_4,30.631110950579494,76.71098887945824,9.620502643651117,Speed Bump,3.0598216,0.55,0.34008576294064924,-0.4010139381054296,2.136217651367188,2.96348518371582,2.980032444000244,2.96348518371582,49
Route_4,30.63105048444629,76.71078879718274,10.356665684954184,Speed Bump,3.982255,0.65,0.23705443971330892,0.18485382954686358,2.7398071861267095,2.94912857055664,2.615863800048828,2.94912857055664,49
Route_4,30.630987811817572,76.71058593769413,10.285044203977055,Speed Bump,3.2263622,0.55,0.3525675065613692,-0.5406808525965547,2.8259487724304204,2.551321449279783,3.240565776824951,2.8259487724304204,49
Route_4,30.630922257472232,76.71038134075722,10.303376291876363,Speed Bump,4.269932,0.65,0.21665814712368606,0.44362710947369566,3.247085628509521,2.852817001342771,2.6744446754455566,3.247085628509521,49
Route_4,30.63086164846952,76.71017607298108,10.23944841283684,Speed Bump,5.59442,0.65,0.28315535073658493,0.5807759255638003,3.587464866638184,4.404563369750976,3.860071897506714,4.404563369750976,49
Route_4,30.630800992540433,76.70997622508179,10.316246555546034,Pothole,6.1775217,0.84874237,0.6690018805414429,0.801638071289978,4.679190216064454,4.820913734436035,4.263565540313721,4.820913734436035,106
Route_4,30.630737034161587,76.70977458418102,10.401649381861626,Pothole,9.569939,0.9780234,0.9538114920886515,1.2705560130480889,7.408204374313355,9.844047012329101,5.522237777709961,9.844047012329101,107
Route_4,30.630672001412883,76.70957086476439,10.451298653653792,Pothole,10.0,1.0,2.065091559371108,3.5793589386231615,10.429741082191468,14.081735076904296,7.429703235626221,14.081735076904296,108
Route_4,30.630604106345956,76.70936604660696,10.44618732920979,Speed Bump,4.2263827,0.65,0.1936463693103824,0.9284896214216043,2.2415018653869634,3.79618782043457,2.537331342697144,3.79618782043457,50
Route_4,30.630543692833115,76.70916821840748,9.837282227456194,Speed Bump,4.682814,0.65,0.2531663676099858,0.3605897409883667,3.587464866638184,3.1022695922851558,3.9242446422576895,3.587464866638184,50
Route_4,30.6303925505172,76.70876686058604,2.0916764625154896,Speed Bump,3.3067615,0.55,0.4607009255395917,-0.015925431505558585,2.8642340278625493,2.647035064697265,2.073748111724853,2.8642340278625493,50
Route_4,30.63034903897109,76.70877881343323,2.7009553477030432,Pothole,5.7966175,0.7725664,0.5129863567740397,0.6247709212797727,4.645690498352051,5.146935882568359,1.5790290832519531,5.146935882568359,109
Route_4,30.63029864903413,76.708811098273,3.4022285138492983,Pothole,7.332442,0.87346214,0.5791647606225963,0.3410082699439876,6.105910596847535,5.678142967224119,2.6590590476989746,6.105910596847535,109
Route_4,30.630233326257866,76.70885407053846,4.409102695144662,Speed Bump,4.769374,0.55,0.4790980588332707,-0.2299542606465006,3.9751020050048833,3.973854484558103,3.942227840423584,3.9751020050048833,50
Route_4,30.63014540934854,76.70890194992266,5.240317666099905,Pothole,7.1164846,0.86515325,0.5485456014890948,0.5724001009005883,5.904913482666016,4.519418182373048,4.548045635223389,5.904913482666016,109
Route_4,30.630061001051324,76.70894890960297,5.08250823440466,Speed Bump,10.0,0.55,0.40307608815898816,2.863285870598861,9.75017943367362,10.3662809753418,4.270722389221191,10.3662809753418,51
Route_4,30.62997628083868,76.70899653676736,5.407506443445882,Speed Bump,7.3464437,0.55,0.4205199097574108,0.3485336946212909,5.785272178649903,6.458800735473632,4.078498840332031,6.458800735473632,51
Route_4,30.62988242447845,76.70905070109951,6.0118690244124675,Pothole,8.176312,0.9201707,0.8496467926215696,-0.3967046507071874,6.55635934829712,7.550527038574218,5.514285564422607,7.550527038574218,110
Route_4,30.629778276111335,76.70911277402453,6.483675385010551,Pothole,8.250045,0.89617705,0.5295792862558368,0.25339114744114166,7.140208063125611,7.086318435668945,4.721683502197266,7.140208063125611,110
Route_4,30.629670790737563,76.70917444118476,6.600730667248263,Speed Bump,6.4584675,0.55,0.3644388388024287,0.3223785769264169,5.861842689514161,4.902269783020019,5.3902668952941895,5.861842689514161,52
Route_4,30.629560749856616,76.70923548272202,6.766859320160221,Speed Bump,5.0450273,0.55,0.34967869679068736,0.23388659201692752,4.348382530212403,4.059996070861816,4.5574493408203125,4.348382530212403,52
Route_4,30.629447451886456,76.70929339054841,6.857527050731207,Pothole,9.243804,0.9377559,0.6164896661198292,1.2394228127105489,7.762940225601197,6.745940628051757,7.124601364135742,7.762940225601197,111
Route_4,30.629340770123253,76.70934946355052,6.43873934365458,Speed Bump,8.193863,0.55,0.42891222217035935,0.1075317799904485,6.292550621032715,7.363887252807617,6.205954551696777,7.363887252807617,53
Route_4,30.629238424802296,76.70940429271998,6.303696014125337,Speed Bump,4.9642096,0.65,0.14589913414619912,-0.3859961376812775,3.7406054115295415,3.351122322082519,2.4550180435180664,3.7406054115295415,53
Route_4,30.62913139753717,76.70946504083388,6.546204036854402,Speed Bump,5.2225747,0.65,0.21664325199772977,0.7410401006291094,4.4829784011840825,2.977842750549316,5.361074447631836,4.4829784011840825,53
Route_4,30.629019385729542,76.7095310497651,7.08701461677465,Pothole,9.90455,0.9717748,0.8218054024753988,0.16895511033491362,8.227147874832154,7.555312576293945,5.734663963317871,8.227147874832154,112
Route_4,30.62889763999657,76.709603708746,7.559371590229274,Pothole,7.8686533,0.8847413,0.5444296607163899,-0.07923943289193547,6.795641717910767,7.359099807739257,4.209803581237793,7.359099807739257,112
Route_4,30.628775666894335,76.70967610894762,7.419929429344591,Pothole,8.347038,0.90714264,0.581070131318335,1.1087939047418178,6.963139352798462,7.119819107055664,4.85676908493042,7.119819107055664,112
Route_4,30.628443054351557,76.70969206349505,2.130841779000792,Speed Bump,2.557269,0.65,0.21623003552750775,-0.6637886587747563,1.978291568756105,1.6749500656127907,1.8534767627716064,1.978291568756105,54
Route_4,30.62848652633562,76.70967192039488,2.620697229312809,Hard Braking,2.0036168,0.65,0.12809082498930505,-0.3636986657987138,1.8251510238647466,1.684522094726562,1.6696805953979492,1.8251510238647466,138
Route_4,30.628536404736796,76.70964313957494,3.065195487380004,Speed Bump,4.263651,0.65,0.16101329359298747,0.5620290862657424,2.9599471664428716,3.130982818603515,2.61951208114624,3.130982818603515,54
Route_4,30.628590396246334,76.70961178127328,3.3594425489679884,Speed Bump,5.658068,0.65,0.27466936127906455,-0.3832160773326745,4.396836814880372,3.6861175918579097,4.268189907073975,4.396836814880372,54
Route_4,30.628656067921227,76.70957275588691,4.273910357305727,Pothole,10.0,1.0,1.002278377772995,3.726188905406854,8.696739253997803,10.188613357543945,4.032112121582031,10.188613357543945,112
Route_4,30.62874308671459,76.70951936986881,5.814835768101024,Pothole,6.435228,0.85872436,0.7219621714396972,0.17272919135761766,4.956757602691651,5.989209594726562,2.989062786102295,5.989209594726562,112
Route_4,30.62886940078061,76.70944684144101,8.594642371278846,Speed Bump,5.919365,0.65,0.2845788807084277,0.6390524996268963,3.9463883018493657,4.509847106933593,2.5216917991638184,4.509847106933593,55
Route_4,30.62904197230773,76.7093473697075,11.041792795116132,Pothole,4.5570855,0.79062253,0.6061235850723595,-0.16029125196816807,3.3768964385986333,2.752318801879884,2.080455780029297,3.3768964385986333,112
Route_4,30.62922284542893,76.70924582198913,11.25497395090901,Speed Bump,6.3619766,0.65,0.2942101458485626,0.9357789808541037,3.6401067352294927,5.448431434631347,3.8157994747161865,5.448431434631347,53
Route_4,30.629412816014007,76.7091318130131,12.222625380509266,Speed Bump,6.6512094,0.55,0.3378085957315317,0.5960530009450067,4.813188133239747,6.272160949707031,2.7244997024536133,6.272160949707031,52
Route_4,30.629618307764108,76.70901564939962,12.397268439003755,Speed Bump,7.280402,0.55,0.4490695586121962,1.3582436238115738,7.087565956115723,5.046437683105468,4.079993724822998,7.087565956115723,52
Route_4,30.62980875299822,76.70890862403132,11.325869006190276,Speed Bump,6.7874207,0.65,0.26410634577693176,0.014686185950406827,5.263038692474366,4.433276596069335,3.482776641845703,5.263038692474366,56
Route_4,30.630281274344078,76.70865524394982,3.264093053851816,Speed Bump,5.3997035,0.65,0.19686262956445913,0.12548725051657073,3.9703164672851567,3.743545951843261,3.5686068534851074,3.9703164672851567,50
Route_4,30.630328107957673,76.70863732228993,2.624064847429636,Speed Bump,4.3976493,0.65,0.24632295833757772,-0.1540038742953791,3.5443940734863286,2.7379621887207026,3.0149312019348145,3.5443940734863286,50
Route_4,30.630369151512983,76.7086312973595,2.118746846595775,Speed Bump,2.8871799,0.55,0.3671537774854947,2.706430009793822,3.2901564216613775,1.5218099975585933,2.676412582397461,3.2901564216613775,50
Route_4,30.630423271183954,76.70869355026525,2.942996979322598,Speed Bump,2.9532218,0.55,0.3614858919494012,-0.3539975304246874,2.2654300308227544,2.65660614013672,1.9390215873718264,2.65660614013672,50
Route_4,30.63045416370599,76.70877088315473,4.228406807335904,Speed Bump,3.3326037,0.55,0.3043886363674869,-0.3916585363369931,2.916876373291016,2.6374630355834956,2.2596559524536133,2.916876373291016,50
Route_4,30.630484140313666,76.7088635613691,4.4375173427561325,Speed Bump,3.7238903,0.65,0.1519624018275777,-0.2650519462204741,2.5435958480834966,2.7762474441528315,1.878950834274292,2.7762474441528315,50
Route_4,30.63051201795422,76.70895751339461,4.616940908896558,Speed Bump,2.8893335,0.65,0.12913424735935972,0.3034495472424519,2.236716327667237,1.8909029388427712,1.366302490234375,2.236716327667237,50
Route_4,30.630541893238103,76.7090468454707,4.304330252412185,Speed Bump,3.1673796,0.65,0.14326242549115026,-0.3352983913768113,2.0931468582153325,2.431681098937988,1.8335973024368288,2.431681098937988,50
Route_4,30.6305709926682,76.709130179052,4.608518422132465,Speed Bump,3.532943,0.65,0.23648691846245604,-0.3346524489695475,2.4335260963439946,2.613535346984863,1.4962828159332275,2.613535346984863,50
Route_4,30.63060776771485,76.70923278161321,5.700963279036042,Speed Bump,3.6669412,0.65,0.2089586494947804,0.7580732265533601,2.883376655578614,2.35511058807373,2.5583279132843018,2.883376655578614,50
Route_4,30.630650456276904,76.70936184931654,6.866520102085595,Hard Braking,2.091177,0.65,0.27725205967802863,0.49802432693644594,1.7533660507202153,1.8089489364624018,1.7426475286483765,1.8089489364624018,139
Route_4,30.63069525374337,76.70951391921233,7.7178948049289895,Speed Bump,2.8584657,0.55,0.34916072691340083,0.4271553039247866,2.136217651367188,2.6278919601440442,2.197507619857788,2.6278919601440442,50
Route_4,30.630742014676837,76.70967467344325,8.041973140799142,Speed Bump,4.562275,0.55,0.31059528906227324,-0.27165360540506445,3.9224596595764165,3.681332054138183,2.5940170288085938,3.9224596595764165,50
Route_4,30.630793270211864,76.70985284971782,9.239458486519235,Speed Bump,5.082355,0.55,0.3784178965379552,-0.13450093359048232,3.9128885841369634,4.557703437805175,2.0915589332580566,4.557703437805175,50
Route_4,30.630852486377485,76.71004294431214,9.650484794107864,Pothole,7.385491,0.67305744,0.4517361281644638,4.2106480756398295,7.652870473861695,10.404565277099609,2.450791597366333,10.404565277099609,106
Route_4,30.630913898361154,76.71023011165909,9.561962813821676,Speed Bump,3.9956546,0.65,0.16976578870320305,-0.4448628332244762,2.4430971717834478,3.264980735778808,1.9236841201782229,3.264980735778808,49
Route_4,30.63097466530601,76.7104194451987,9.658259268482611,Speed Bump,4.1564527,0.65,0.16017906178578864,-0.1844398026379972,3.453466472625733,2.4843229675292964,2.1476492881774902,3.453466472625733,49
Route_4,30.63103373971765,76.71061481238765,9.830369832996157,Speed Bump,5.212106,0.65,0.1810618212576359,0.3689015446194226,3.563536701202393,3.882329406738279,3.426754951477051,3.882329406738279,49
Route_4,30.631094788903134,76.71080908249006,9.92141576445505,Speed Bump,3.3654451,0.65,0.13359538954579975,0.09853686157742958,2.49095350265503,2.316825332641601,1.9254093170166016,2.49095350265503,49
Route_4,30.631154378712914,76.71100572478277,10.015236938582468,Speed Bump,5.483453,0.65,0.24848990114236771,0.8314996746078407,4.305311737060547,3.528191986083984,2.024896144866944,4.305311737060547,49
Route_4,30.631214044577195,76.71120169715068,9.836430279879597,Speed Bump,3.8712883,0.65,0.16314267875312793,0.3338718054429388,3.0460887527465825,2.4843229675292964,1.980579853057861,3.0460887527465825,49
Route_4,30.631267906379588,76.71138849804532,9.047023890507646,Speed Bump,5.6781683,0.65,0.2719187836970856,1.2298527699886241,3.4869661903381353,4.62470287322998,1.9829130172729488,4.62470287322998,49
Route_4,30.631485567774302,76.71173120358785,2.164168208734181,Pothole,6.694962,0.8619943,0.6731113124032895,0.14136303282869012,5.320466575622559,4.62470287322998,3.7198479175567623,5.320466575622559,105
Route_4,30.631500919924193,76.71177412012867,2.0802186202828477,Road Bump,2.0282764,0.45,0.31888025656152014,0.2663359781518415,1.868221817016602,1.5122389221191401,2.390049934387207,1.868221817016602,136
Route_5,30.6314339,76.7119826,2.380000114440918,Speed Bump,5.453123,0.55,0.47839763652230277,-0.0034748002460260885,4.396836814880372,4.691701354980468,1.8348854780197144,4.691701354980468,48
Route_5,30.631472696448107,76.71197041421819,3.013925340623715,Pothole,5.7951093,0.8208057,0.5194803763527943,0.04979709397937082,4.7461891746521,4.634273948669433,4.055410385131836,4.7461891746521,113
Route_5,30.631529502420864,76.71202363546892,4.263891085654665,Speed Bump,4.5708895,0.55,0.3606194042249357,-0.429428543156428,3.9033175086975103,3.7148317718505854,4.551997661590576,3.9033175086975103,48
Route_5,30.631579405143302,76.71210025995252,5.080656858565834,Speed Bump,5.2747383,0.55,0.4412268475074411,0.7820640913250214,3.9990301704406743,4.792200508117675,2.456534147262573,4.792200508117675,48
Route_5,30.631626520341246,76.71220970955231,6.128105395198703,Speed Bump,2.953401,0.65,0.18300835884170338,-0.3358746780856805,2.309099254608155,1.9100450897216792,2.0473971366882324,2.309099254608155,48
Route_5,30.631665580966867,76.71232867269534,6.178262416965495,Speed Bump,3.8444886,0.65,0.23352142953239569,0.29407128358079815,2.9264474487304692,2.565679016113279,2.514593601226806,2.9264474487304692,48
Route_5,30.63170508306494,76.71245703272076,6.730097431495446,Speed Bump,6.0934424,0.55,0.2908800410358756,2.219696170172111,6.31169324874878,3.844044151306152,3.1839566230773926,6.31169324874878,48
Route_5,30.63174738693496,76.71259456763372,7.147745674504827,Pothole,5.1052814,0.83505934,0.7549989553933616,3.4877493780180924,2.8977337455749517,5.654214324951171,4.764884471893311,5.654214324951171,114
Route_5,30.631792418447425,76.71273732413084,7.215564245001407,Speed Bump,6.1438117,0.65,0.19289501105646856,1.2011048099481272,3.94160228729248,4.835271301269531,3.12393856048584,4.835271301269531,48
Route_5,30.631833753726458,76.71287369593965,6.677709015451599,Speed Bump,7.313782,0.65,0.288315876079047,0.30670764474656975,5.61298900604248,4.835271301269531,4.011894702911377,5.61298900604248,48
Route_5,30.631872548099228,76.71299338522826,5.919875385848668,Speed Bump,6.9687366,0.65,0.2667460964414549,1.4332712128629383,5.636917171478272,4.318420829772949,4.318046569824219,5.636917171478272,48
Route_5,30.631782672978403,76.71340860556217,5.468683130953972,Pothole,10.0,0.98581773,0.6143992343736421,3.548351100504606,8.605812010765076,7.3351721191406245,3.8067994117736816,8.605812010765076,115
Route_5,30.63167084248261,76.71346170706128,6.895421601064665,Speed Bump,3.7171898,0.65,0.2167885495006322,0.22783881554840368,2.596237716674805,2.7140335464477534,2.055767059326172,2.7140335464477534,47
Route_5,30.63154621819733,76.71351425621508,7.196924656411637,Speed Bump,7.3493156,0.55,0.3857015156905921,0.7235053749389455,5.114683685302735,7.134175720214843,4.49196195602417,7.134175720214843,47
Route_5,30.63143095757265,76.7135626219067,6.587986954510204,Pothole,10.0,1.0,5.472887436741383,13.378743897187697,21.52944713592529,35.2277082824707,2.5000662803649902,35.2277082824707,103
Route_5,30.631319981619704,76.7136073512359,6.4574294403626284,Speed Bump,4.1861835,0.65,0.20353218554204225,0.007509588723540794,3.0748024559021,2.905459823608398,1.8649282455444336,3.0748024559021,57
Route_5,30.631211499458438,76.71365445200425,6.226511072057653,Speed Bump,6.0220165,0.55,0.4134715119463627,1.4231228752592378,4.813188133239747,5.223506393432615,2.5475125312805176,5.223506393432615,57
Route_5,30.63113040100899,76.71371053661714,4.582784248107613,Speed Bump,4.0511684,0.55,0.35351423820349037,0.9681954937835449,3.6448922729492192,3.107055130004884,3.254511594772339,3.6448922729492192,57
Route_5,30.631096740995275,76.71375616628208,2.6550141869847073,Speed Bump,3.7694135,0.55,0.4815497008248871,0.5689773364755402,3.6066074943542485,2.6757482910156227,2.199997901916504,3.6066074943542485,57
Route_5,30.63108466514272,76.7138049129575,2.1016364453536145,Pothole,4.8949084,0.80191875,0.5229389071089843,2.0017491449475795,3.4486809349060064,6.229091110229492,3.211911678314209,6.229091110229492,116
Route_5,30.631121880186768,76.71388476121174,2.747539711386303,Speed Bump,5.674818,0.65,0.2708082231727234,-0.5514625031833718,3.6783919906616216,4.428491058349609,1.92328417301178,4.428491058349609,57
Route_5,30.631162178344127,76.71394882541986,4.089093250196576,Speed Bump,4.599603,0.55,0.3858645704731459,-0.007271244229286822,4.10431438446045,3.56169075012207,1.900784969329834,4.10431438446045,57
Route_5,30.631204038805947,76.71405061333604,5.4738891157981735,Speed Bump,3.0971503,0.55,0.34294180613139347,-0.202134964794352,2.3043137168884282,2.857603492736816,1.0970311164855957,2.857603492736816,57
Route_5,30.631252087889795,76.7141791811433,6.957056672314325,Pothole,9.896258,1.0,1.0931559075472161,2.6094111866671703,7.188064632415772,5.563287200927734,3.511369228363037,7.188064632415772,117
Route_5,30.631308258269648,76.71433376993637,7.967797777340156,Speed Bump,6.378428,0.55,0.432466495846892,0.1537292219527866,5.536418972015381,5.09429401397705,4.410125732421875,5.536418972015381,58
Route_5,30.631361157440914,76.71448498970027,7.653683853820655,Pothole,7.41601,0.89059675,0.7215198735960048,0.7949209721904849,5.8139861202239995,4.548132362365724,4.006442070007324,5.8139861202239995,118
Route_5,30.631415061333676,76.71463138289239,7.535398401000515,Speed Bump,5.9010596,0.55,0.4070101239547407,-0.22931751534365752,5.205610809326172,4.629488410949708,4.816125392913818,5.205610809326172,59
Route_5,30.63146870421717,76.71477519386605,7.642933130592784,Pothole,10.0,1.0,3.23171897661579,1.3054136520402642,11.732633051872254,16.75870651245117,6.735746383666992,16.75870651245117,119
Route_5,30.63151958819468,76.71493300955103,8.087695670405589,Pothole,10.0,0.98864394,0.8133193357293902,-0.014249682347439396,8.892950711250306,7.72281021118164,4.9301629066467285,8.892950711250306,119
Route_5,30.631559761926386,76.71508895903251,7.649323633104246,Pothole,10.0,1.0,1.733649884877607,0.9842085240776153,12.598834810256959,16.32739967346192,11.667062759399414,16.32739967346192,119
Route_5,30.631568878749224,76.71524666887379,7.637313116157016,Speed Bump,5.36411,0.55,0.3565520723353334,-0.6320669111521005,4.76054578781128,4.179637374877929,3.556859016418457,4.76054578781128,60
Route_5,30.63156401367979,76.71541964918306,8.318215535303755,Speed Bump,5.226284,0.55,0.3929777300174945,-0.24373598853237777,4.549977836608887,4.160495223999023,2.651923418045044,4.549977836608887,60
Route_5,30.63155184589918,76.715603826273,9.020186975758106,Pothole,5.3886676,0.80752635,0.5012127312561696,0.18929755018222094,4.348382530212403,4.734772148132324,2.753262519836426,4.734772148132324,120
Route_5,30.631542062503346,76.7157883493954,8.88929670383427,Pothole,10.0,1.0,3.2064455963217293,1.8035495551537517,12.388266382217408,18.621518554687498,17.94863510131836,18.621518554687498,120
Route_5,30.631533706578143,76.71597647787367,9.132028991661832,Pothole,8.054927,0.90528303,0.7249625234119653,-0.4028512314651853,6.685571727752686,7.674952926635742,4.170804023742676,7.674952926635742,120
Route_5,30.631529638850477,76.71617805461788,9.837820475932343,Pothole,10.0,1.0,2.241579519069218,2.1734150744144456,13.216781196594239,13.875953140258789,6.497344493865967,13.875953140258789,120
Route_5,30.63152084317607,76.71639139016553,10.402652200357839,Pothole,10.0,1.0,2.202735626293885,1.0510906142434946,11.497538146972657,12.793799819946289,5.980022430419922,12.793799819946289,121
Route_5,30.631509045892333,76.71660964676197,10.350777123009834,Pothole,10.0,1.0,1.0971347651246022,-0.08700230043547252,11.15775733947754,9.207555236816406,4.705064296722412,11.15775733947754,122
Route_5,30.631498966408746,76.71681126764871,9.428826766366832,Pothole,10.0,1.0,6.194392007613752,3.1178132823912197,14.964737949371338,20.766684951782224,5.377758502960205,20.766684951782224,122
Route_5,30.631496590409355,76.71699528394308,8.644133650236574,Pothole,9.542966,0.9571157,0.7638663940394589,0.5196908316153142,7.911295232772828,8.618323745727539,5.578137874603272,8.618323745727539,122
Route_5,30.631503990547316,76.71716924847023,8.187198585583706,Pothole,10.0,0.9815674,0.727792738816861,0.15899931946963575,9.026948807239533,9.997188034057617,6.922404766082764,9.997188034057617,122
Route_5,30.63150077356876,76.71731945419684,7.185971319081761,Pothole,10.0,1.0,0.9835726765492699,0.21434692444000447,11.516680774688721,9.346339645385745,11.876686096191406,11.516680774688721,122
Route_5,30.631466750799206,76.71745103495049,6.542456653033929,Pothole,10.0,0.9960608,0.8952332553366649,-0.21413181508099122,8.797237811088563,9.125602188110351,7.450116157531738,9.125602188110351,122
Route_6,30.6270032619727,76.72176181153844,3.90833900148514,Speed Bump,3.9248872,0.65,0.18137604917073283,-0.01642199497004082,2.7302361106872564,2.876745643615724,2.494333505630493,2.876745643615724,61
Route_6,30.62703265437438,76.72184096832096,4.524499057678124,Pothole,7.2118883,0.8875542,0.7518491426345966,0.882784512704379,5.531632957458497,5.821711959838867,3.615553379058838,5.821711959838867,123
Route_6,30.627069094142485,76.72193612182289,5.475796125032,Pothole,7.3273277,0.8894528,0.7394663327499263,0.7702499697862137,5.694345054626465,6.444444122314453,4.191155910491943,6.444444122314453,123
Route_6,30.627111766864488,76.7220472658443,6.050522809568619,Pothole,7.4704485,0.8814995,0.6344489862967705,0.07142028413296897,6.18726640701294,5.682928504943847,3.1021265983581543,6.18726640701294,123
Route_6,30.627153929067433,76.72215667496114,5.599183853290332,Speed Bump,5.763233,0.55,0.3854257612089206,0.3916973408951647,4.357953605651856,5.247435035705566,3.227097511291504,5.247435035705566,62
Route_6,30.627194954199012,76.72226736854964,5.727291197948704,Pothole,7.589681,0.9023293,0.7442150184832869,1.9148890162050733,5.718273220062256,7.115033569335937,3.409914255142212,7.115033569335937,124
Route_6,30.62723795913335,76.72238459856075,6.111952638744575,Speed Bump,6.312027,0.55,0.4618187655462477,-0.22768862466257955,5.172111568450928,5.347933235168455,3.000117301940918,5.347933235168455,63
Route_6,30.62728572953034,76.72250650187407,6.378149114986654,Pothole,7.926527,0.8867964,0.5487141578474264,-0.0959244516165545,6.848283824920655,6.937365951538085,3.921247959136963,6.937365951538085,125
Route_6,30.627329997932677,76.72262717535838,6.290761424390961,Pothole,9.633355,0.9651304,0.8509988958994383,-0.1150412704891206,7.954366025924683,9.01074737548828,5.766873359680176,9.01074737548828,125
Route_6,30.62737413207778,76.7227479174086,6.351105781868818,Pothole,8.361475,0.9050129,0.612094061737986,-0.22995809188294558,7.183278856277466,6.0322803878784175,5.221244812011719,7.183278856277466,125
Route_6,30.62742188396135,76.72287028910465,6.459384997734937,Pothole,10.0,1.0,0.8402003971579745,-0.3266236369560418,9.481585083007813,7.186816635131835,5.771998405456543,9.481585083007813,125
Route_6,30.627467515390567,76.72299319638051,6.4706989927305125,Pothole,7.407267,0.8765259,0.6077286627255741,-0.09692471162626504,6.21119481086731,5.486716690063476,4.8308634757995605,6.21119481086731,125
Route_6,30.627513614272974,76.72311699271904,6.5061297359046115,Pothole,10.0,1.0,2.4558483079154416,2.346414367525621,11.761346874237061,14.465186538696289,6.856329917907715,14.465186538696289,125
Route_6,30.627558984193183,76.72324494720563,6.519744007854899,Speed Bump,5.504808,0.55,0.31991548647618434,0.02849008399346209,4.631333408355713,4.543346824645996,4.108244895935059,4.631333408355713,64
Route_6,30.62759950920683,76.72337455626732,6.552322896345565,Speed Bump,5.585207,0.55,0.3574554277038362,0.07517417906300139,5.28218132019043,4.02649730682373,2.1335558891296387,5.28218132019043,64
Route_6,30.627643448948582,76.72350036225424,6.531362487391735,Pothole,9.660879,0.9578919,0.7246469959462836,0.7118197572123788,8.06922155380249,8.48432487487793,5.581543445587158,8.48432487487793,126
Route_6,30.62769458558016,76.7236318774094,7.075124199925811,Pothole,10.0,1.0,1.4663902283683388,1.192774654606275,12.254268226623536,13.68452781677246,5.947418689727783,13.68452781677246,126
Route_6,30.627757301190222,76.72377095200028,7.702904052258328,Pothole,10.0,1.0,1.1508595601024143,-0.5568633663414246,9.519870249032975,11.630288543701168,6.166798114776611,11.630288543701168,126
Route_6,30.627825501267704,76.72391764060467,8.038771786759492,Pothole,10.0,1.0,1.1045946658062569,-0.03402906367317282,11.114686546325684,11.40057891845703,6.838870048522949,11.40057891845703,126
Route_6,30.62788308404385,76.72407013636189,7.918580107411304,Pothole,10.0,1.0,1.0988426309201962,-0.19847793411231862,9.635323954224587,11.534575881958007,4.987833023071289,11.534575881958007,126
Route_6,30.627944582776284,76.72423084125634,8.445594733223189,Pothole,10.0,0.98846835,0.754011145675718,-0.20459789368020997,9.247088489532471,6.578442993164062,4.497829914093018,9.247088489532471,126
Route_6,30.628013089830905,76.72439548048256,8.924789491614789,Pothole,10.0,1.0,1.088985753268154,0.2893953746460811,10.985474166870118,11.989213409423828,5.001317024230957,11.989213409423828,126
Route_6,30.628089744873517,76.7245668922696,9.422202045300674,Pothole,9.911542,0.9544815,0.6261555198092102,0.1953079323188618,8.620168981552125,6.2003759765624995,5.163247585296631,8.620168981552125,126
Route_6,30.628167017261653,76.72475027057644,9.71584659633945,Pothole,10.0,1.0,1.1783549478313664,2.003708793104199,10.185673145055771,8.58961051940918,4.568736553192139,10.185673145055771,126
Route_6,30.628238508075746,76.72493510761856,9.682337730903338,Pothole,10.0,1.0,1.0929192305043753,0.050209624303120926,8.696739253997803,8.182830276489257,6.9321722984313965,8.696739253997803,126
Route_6,30.628314644817234,76.72511866774845,9.740172605517051,Pothole,10.0,1.0,1.903724975659345,0.5624605533497871,11.857059774398804,10.548135223388671,5.919451713562012,11.857059774398804,126
Route_6,30.62839253079943,76.72530069854312,9.815795278264954,Pothole,7.4915233,0.87888837,0.6262352562946405,-0.554627999480299,6.349978504180909,7.229888381958007,3.9203076362609854,7.229888381958007,126
Route_6,30.62846926446127,76.7254865877168,9.7793888821058,Pothole,10.0,0.9611642,0.6314625617539341,0.9706139035454981,8.557955560684205,11.300078811645507,5.969996452331543,11.300078811645507,126
Route_6,30.628542795162247,76.72565758761864,8.482525577268635,Pothole,10.0,1.0,1.174532437409138,-0.18317973550465938,11.196042475700379,10.016330184936523,5.463549613952637,11.196042475700379,126
Route_6,30.628595810691206,76.72577614964916,6.136527417031272,Pothole,10.0,1.0,0.8729995514634495,0.37286765359298446,10.501525757312775,10.61513465881348,5.401280403137207,10.61513465881348,126
Route_6,30.628634447744535,76.72586901822244,4.98360127010419,Speed Bump,6.7430944,0.55,0.41507087631629463,0.017907695685795755,6.58028775215149,4.658202590942384,3.015796661376953,6.58028775215149,65
Route_6,30.628675575446938,76.72596645520407,5.409357484415709,Pothole,8.23971,0.9000303,0.5806079912589667,0.14606627090520963,7.049280939102173,6.214732589721679,3.957831382751465,7.049280939102173,127
Route_6,30.62872981229367,76.72608691459747,6.607298548443923,Pothole,9.271521,0.94591874,0.7482020314969188,0.1087381165117387,7.753368911743165,7.655810775756835,6.120294570922852,7.753368911743165,127
Route_6,30.628793053457535,76.7262244680861,7.572240540788498,Pothole,10.0,1.0,0.80275471190708,1.360703704309521,10.37709897518158,8.23547119140625,5.076529502868652,10.37709897518158,127
Route_6,30.628863114642424,76.72636066422751,7.665874054404675,Pothole,9.844313,0.9612157,0.7378595538642924,-0.1302604174362294,8.39464539051056,8.613538208007808,3.866147994995117,8.613538208007808,127
Route_6,30.62893831618202,76.72650482344073,8.286089854634072,Pothole,10.0,0.9585703,0.6230917782121791,-0.22562354090203662,8.912093279361725,8.149329605102539,4.127265930175781,8.912093279361725,127
Route_6,30.62901675004341,76.72666330249515,8.761354343478468,Pothole,10.0,1.0,1.3153066502378905,0.4017584159414258,12.996641454696656,12.348733367919918,5.590692520141602,12.996641454696656,127
Route_6,30.62909173925529,76.72682925292659,8.95819924225436,Pothole,10.0,1.0,0.8063057928369202,-0.17069731236118457,10.152173635959626,7.976449432373046,6.028264999389648,10.152173635959626,127
Route_6,30.629165807933628,76.72699879312076,9.107427910468374,Pothole,10.0,0.9816362,0.7860652666602295,-0.2631402798763278,8.878593800067902,9.197984161376956,4.972696781158447,9.197984161376956,127
Route_6,30.629240992844416,76.72716759260729,8.962854931204756,Pothole,10.0,1.0,0.7877132960694772,0.09647506552776663,11.416182217597962,10.816131057739254,4.569122314453125,11.416182217597962,127
Route_6,30.629310757117235,76.72732509297899,8.403428034856086,Pothole,9.057431,0.9464215,0.7845100555623977,1.0231688367672582,7.283777532577515,10.787417831420898,6.825950622558594,10.787417831420898,127
Route_6,30.6293727310713,76.72747507209847,8.154095419823667,Pothole,10.0,1.0,0.9804635795857022,0.9648101534283873,10.894546804428101,10.61034912109375,5.920374870300293,10.894546804428101,127
Route_6,30.629436453039805,76.72762823480214,7.95559897469363,Pothole,8.209364,0.90302795,0.646022004984907,-0.34873937717934966,6.987067518234253,7.895093383789062,2.9785313606262207,7.895093383789062,127
Route_6,30.629495807351976,76.72777251853591,7.570282373902717,Pothole,8.1354685,0.8937945,0.5639617724402072,-0.2565344993764578,7.058852252960206,7.727595748901367,4.356303215026856,7.727595748901367,127
Route_6,30.629555921102913,76.7279106239361,7.286407502681174,Pothole,10.0,1.0,0.9984547885386209,0.2664355608860567,10.176101861000062,7.531382980346679,7.068206787109375,10.176101861000062,127
Route_6,30.62960750035513,76.7280460362957,6.940221015854462,Pothole,9.384753,0.9448605,0.6788901156554393,0.5544599650453415,7.916080889701844,6.789010467529296,5.863270282745361,7.916080889701844,127
Route_6,30.62966017737663,76.72817270602852,6.638778269504689,Speed Bump,7.340342,0.55,0.4450966321473823,0.13394013455907583,6.321264562606812,5.912639083862304,2.8789358139038086,6.321264562606812,66
Route_6,30.629709609516354,76.7282910547743,6.239593607583063,Pothole,10.0,1.0,0.7739227561892555,0.7523380039680072,9.242302832603455,8.254615249633789,5.0553178787231445,9.242302832603455,128
Route_6,30.629766559037165,76.7283960756994,5.951483815156843,Speed Bump,6.9842906,0.55,0.3942056091742582,1.6911870653550265,6.9248540973663335,4.7156299972534175,2.5031697750091557,6.9248540973663335,67
Route_6,30.630033557228664,76.72858920985706,3.763175978291625,Speed Bump,4.194379,0.55,0.3196719746235669,-0.7261453635424937,3.3188706016540532,3.67176097869873,2.080875396728516,3.67176097869873,68
Route_6,30.630093214140036,76.72852781555424,4.828837979737499,Speed Bump,5.3896537,0.65,0.25369040916650537,0.09066846352873448,4.161742267608643,3.537763061523437,2.331545114517212,4.161742267608643,68
Route_6,30.630170870166754,76.72843821365758,6.265538938995975,Pothole,8.655486,0.932484,0.670335701868906,3.122286448753732,6.690357503890992,7.00436538696289,3.5968270301818848,7.00436538696289,129
Route_6,30.630272325263917,76.72834278104186,7.188620169916707,Pothole,8.205607,0.89537764,0.500601336114008,1.038828179635689,6.996638832092286,4.083924713134765,2.964179039001465,6.996638832092286,129
Route_6,30.630373677383766,76.72825732705267,6.972257692498722,Speed Bump,5.515935,0.55,0.33084192304681503,0.4942404927750821,5.320466575622559,3.8727583312988276,2.3724205493927,5.320466575622559,69
Route_6,30.630474935333716,76.72817013714877,7.09823775897283,Speed Bump,6.1307707,0.55,0.3996892877400823,-0.3354740042720863,4.348382530212403,5.869568290710449,3.8283534049987793,5.869568290710449,69
Route_6,30.630582919756918,76.72807164355076,7.681290029484384,Pothole,7.7457685,0.8798373,0.5137199834043419,0.3073516868631283,6.6568580245971685,5.079937400817872,4.953441619873047,6.6568580245971685,130
Route_6,30.630692930698658,76.7279696024818,8.193254250699576,Pothole,8.347068,0.91950804,0.7134936557351101,1.220397594407241,6.676000652313233,7.196389617919921,4.625344753265381,7.196389617919921,130
Route_6,30.63079458856339,76.72786746426809,6.885876969908282,Pothole,10.0,0.95,2.9955869127119543,15.540337134856387,12.939213809967042,14.98682159423828,4.575952053070068,14.98682159423828,130
Route_6,30.63085934987329,76.72779443764934,4.603609517975144,Speed Bump,4.2732825,0.65,0.27929918395357706,1.3775493633114708,3.2901564216613775,2.8145326995849587,2.127613306045532,3.2901564216613775,70
Route_6,30.630901850034682,76.72773376390845,3.6495732300681767,Speed Bump,3.6434913,0.65,0.29375518064981615,0.3978764883644157,2.9360185241699224,2.268969001770019,2.155050039291382,2.9360185241699224,70
Route_6,30.630924726355612,76.72766395350544,3.671184888462466,Speed Bump,4.93406,0.65,0.24514137678464168,-0.2778345302582723,3.477394638061524,3.5712627792358393,2.7374606132507324,3.5712627792358393,70
Route_6,30.630954928391265,76.7275823074131,4.407714215412678,Speed Bump,3.6689148,0.55,0.35541642163035175,-0.6319551398337455,3.8650322532653814,2.2498258972167964,2.7103567123413086,3.8650322532653814,70
Route_6,30.631023139703625,76.727513541289,5.066722555133014,Speed Bump,6.5962944,0.55,0.39939728162835814,0.9757370265701129,6.153766927719117,4.840056838989257,3.4966139793396,6.153766927719117,70
Route_6,30.631110535288,76.72744183649635,5.760027759402182,Pothole,10.0,1.0,0.9117357090811966,2.8842928132218946,9.922462662160397,8.733178558349609,3.3999667167663574,9.922462662160397,131
Route_6,30.63120463199213,76.72736134608503,6.492372595067294,Speed Bump,5.279105,0.65,0.26683305314538197,0.19277699824994254,3.8746033287048345,3.6669754409790034,2.0807976722717285,3.8746033287048345,71
Route_6,30.63131206397501,76.72727054565172,7.423018900863422,Speed Bump,4.691488,0.55,0.3195519684927079,0.2274816421518775,3.9751020050048833,3.844044151306152,2.100405216217041,3.9751020050048833,71
Route_6,30.631419037153,76.7271740635402,7.82789923911619,Pothole,8.435351,0.9101375,0.5928531709649947,0.9300382950048087,7.063637790679932,5.94135326385498,3.859478950500488,7.063637790679932,132
Route_6,30.631532058628732,76.72707621291703,7.860160376483961,Speed Bump,5.369853,0.55,0.3609868171290732,-0.05811514438343446,4.956757602691651,3.9929975891113276,3.730257987976074,4.956757602691651,72
Route_6,30.631644748206003,76.72698070565833,7.577968834418699,Speed Bump,4.9359145,0.55,0.3370831036656505,0.8674196037244237,4.252669391632081,3.973854484558103,2.4709534645080566,4.252669391632081,72
Route_6,30.631743951890275,76.72690066156609,6.333299319306839,Pothole,10.0,0.9244281,0.5221000782102057,3.2052391707825647,8.802023468017579,8.10087532043457,4.250303268432617,8.802023468017579,133
Route_6,30.63180456468956,76.72683391686924,4.096568271050719,Speed Bump,3.794239,0.65,0.2735080199951499,0.8821667817783427,2.5531669235229497,2.867174568176269,1.637845516204834,2.867174568176269,73
Route_6,30.63182540945818,76.7267848147651,2.3575305709180983,Speed Bump,3.8545382,0.65,0.22591305761839728,1.3971427072569558,2.6680226898193364,2.8384603881835933,1.3782011270523071,2.8384603881835933,73
Route_6,30.631834566766997,76.72674520776647,2.0468266373923107,Speed Bump,4.6631327,0.55,0.31248984724133094,-0.23554182902617082,3.587464866638184,4.184422912597656,1.827939867973328,4.184422912597656,73
